Id,CreationDate,PostId,RelatedPostId,LinkTypeId
134232,2014-11-04T17:51:35.603,9415,9392,1
438799,2019-04-30T08:28:59.283,31304,1032,1
688026,2023-10-02T11:18:00.053,47620,45698,1
215733,2016-06-11T15:12:35.000,18784,224,1
30452,2012-02-09T11:35:57.427,1397,914,1
608028,2022-04-01T00:53:10.377,19471,2340,1
299627,2017-11-19T15:44:21.297,26418,5886,1
299626,2017-11-19T15:44:21.297,26418,19214,1
299625,2017-11-19T15:43:33.180,26418,21017,1
304165,2017-11-20T21:32:54.217,26418,21017,3
384263,2018-07-16T21:44:41.847,28410,1007,1
427950,2019-02-28T11:46:35.433,30709,12414,1
442893,2019-05-19T16:52:11.987,31496,31356,1
488825,2019-12-27T16:03:21.627,34693,20859,1
537181,2020-12-09T13:34:46.737,37779,24472,1
30905,2012-02-14T03:43:43.033,1420,1090,1
44482,2012-06-19T05:46:35.400,2084,460,1
324151,2018-02-08T09:31:06.793,4314,4369,1
525630,2020-08-29T19:56:22.497,37069,29738,1
700494,2024-03-06T12:30:22.213,48430,32249,1
8398,2011-09-24T17:03:42.870,384,5,1
6593,2011-09-22T00:33:55.960,384,379,1
500714,2020-03-26T16:24:10.953,35595,2555,1
500715,2020-03-26T16:25:12.317,35595,9687,1
567711,2021-04-12T12:02:00.273,37587,34138,1
92241,2013-08-13T20:33:04.023,4145,1913,1
255887,2017-05-21T14:12:41.667,23006,2742,1
478168,2019-10-04T12:18:56.977,33703,20350,1
664947,2023-05-08T09:12:18.053,33703,36906,1
593208,2022-01-13T13:11:17.260,43736,38616,1
624028,2022-09-25T19:30:24.137,45064,3706,1
624088,2022-09-27T05:08:45.850,45064,3706,3
60618,2012-11-13T22:34:39.270,2840,1319,1
567793,2021-04-14T01:31:48.340,38792,38791,1
135784,2014-11-15T13:40:05.777,9515,8480,1
245345,2017-02-20T10:26:32.103,21171,12777,1
412016,2018-12-11T01:50:42.460,29876,9541,1
469387,2019-09-02T11:42:01.410,32329,369,1
237876,2016-12-15T22:04:06.813,20530,2529,1
525621,2020-08-19T18:33:47.187,37015,14372,1
642692,2023-01-14T02:02:19.057,45920,20196,1
4739,2011-09-20T15:33:02.817,315,127,1
33592,2012-03-09T06:00:45.043,315,1548,1
327239,2018-02-16T23:19:20.307,315,19922,1
185568,2015-10-13T16:45:59.890,14639,14617,1
440008,2019-05-09T13:41:51.370,20676,612,1
583741,2021-09-04T10:26:59.383,42857,41788,1
96895,2013-10-19T06:08:24.010,4752,4747,1
144164,2015-01-18T14:01:25.993,4752,10012,1
224722,2016-08-24T17:39:15.553,19402,2632,1
405185,2018-10-23T13:11:49.117,29481,39,1
574906,2021-06-19T04:10:05.163,40301,3667,1
574904,2021-06-19T04:10:05.163,40301,3831,1
574905,2021-06-19T04:10:05.163,40301,21405,1
588061,2021-10-26T16:36:11.437,43206,26586,1
453905,2019-07-01T16:41:14.923,31845,1144,1
453907,2019-07-01T17:01:04.273,31845,25679,1
574685,2021-06-14T16:20:33.640,40258,28636,1
132136,2014-10-16T09:46:19.557,9223,7030,1
238616,2016-12-20T20:53:20.057,20584,20270,1
90559,2013-07-13T03:41:54.737,3996,3027,1
486662,2019-12-06T05:25:37.540,34470,1529,1
506771,2020-04-28T08:55:07.463,35964,6670,1
574448,2021-06-06T16:34:45.543,40209,27790,1
12818,2011-10-04T21:27:45.790,699,691,1
193275,2015-12-05T16:45:16.457,15214,9678,1
193274,2015-12-05T16:43:14.043,15214,12048,1
220003,2016-07-26T19:40:53.707,19222,9928,1
395569,2018-09-03T14:46:28.503,28874,20669,1
198316,2016-01-13T15:53:51.677,15449,15505,1
218267,2016-07-03T20:45:22.867,19030,14467,1
281795,2017-10-05T13:30:58.097,26100,25585,1
479003,2019-10-08T13:10:47.410,33757,3749,3
381083,2018-06-14T21:40:32.563,28164,12274,1
381085,2018-06-14T21:43:58.110,28164,26800,1
533700,2020-10-14T21:36:31.337,36697,37373,1
631094,2022-10-23T07:06:35.480,45402,30538,1
28400,2012-01-16T16:57:15.653,679,1280,1
257312,2017-05-29T22:53:06.980,23060,3035,1
309552,2017-11-26T21:42:42.187,26475,2216,1
309550,2017-11-26T21:39:44.053,26475,9012,1
309551,2017-11-26T21:42:26.543,26475,9016,1
588114,2021-10-27T17:52:38.210,43218,13006,1
641442,2022-12-09T23:29:23.500,45708,9266,1
142261,2015-01-01T09:49:05.983,9976,89,1
142260,2015-01-01T09:49:05.983,9976,8747,1
629764,2022-09-29T02:53:47.640,45233,9105,1
665833,2023-05-22T14:17:39.843,46733,9656,1
665832,2023-05-22T14:15:41.117,46733,26502,1
665883,2023-05-23T12:03:47.840,46733,26502,3
199475,2016-01-28T17:56:11.060,15114,6562,1
206722,2016-03-28T22:05:04.443,15114,12144,1
683126,2023-08-16T04:00:45.140,47325,47305,1
180310,2015-09-28T00:30:39.153,14473,1515,1
428256,2019-03-04T15:35:17.743,30752,26302,1
495190,2020-02-10T22:57:33.757,35154,6675,1
495191,2020-02-10T23:02:31.387,35154,6675,3
212555,2016-05-23T20:59:44.877,3006,17400,1
469128,2019-08-30T15:51:01.277,32306,17400,1
598232,2022-03-24T00:53:36.907,44128,6685,1
266334,2017-07-26T20:05:28.660,25536,25530,1
328106,2018-02-20T05:55:54.530,27194,2585,1
328105,2018-02-20T05:55:54.530,27194,12696,1
427651,2019-02-26T08:34:54.897,30683,2742,1
522766,2020-07-28T20:41:16.803,36846,28006,1
694707,2024-01-13T15:59:53.410,48158,47990,1
593237,2022-01-14T13:25:16.960,2602,35209,1
618470,2022-07-28T00:18:45.497,44898,18943,1
642726,2023-01-14T16:51:02.747,45943,6256,1
642788,2023-01-16T06:03:01.553,45943,9564,1
161409,2015-05-31T09:00:16.323,12489,6878,1
423121,2019-02-01T22:15:20.877,23309,23316,1
414653,2018-12-20T15:28:06.500,26902,29247,1
90462,2013-07-11T04:18:38.297,3988,3318,1
93526,2013-09-03T17:38:00.767,4380,325,1
93532,2013-09-03T20:26:52.940,4380,3783,1
93527,2013-09-03T17:42:52.223,4380,4053,1
93613,2013-09-04T18:47:08.233,4380,3783,3
136184,2014-11-19T22:52:28.423,9541,9147,1
241152,2017-01-18T20:02:43.767,20853,20830,1
381086,2018-06-14T22:23:36.720,28150,3068,1
381008,2018-06-14T09:06:51.673,28150,11428,1
424448,2019-02-06T08:54:20.037,30474,28868,1
536512,2020-11-19T11:22:32.320,37636,3706,1
576037,2021-07-23T07:09:36.447,40553,2555,1
596258,2022-02-13T11:21:49.797,43873,40520,1
416518,2019-01-07T17:40:30.467,30165,7156,1
597831,2022-03-15T14:53:47.370,38323,3220,1
97411,2013-10-26T15:38:33.093,4789,538,1
246833,2017-03-08T16:41:49.783,19113,12323,1
538227,2021-01-10T17:14:45.927,38014,33899,1
98222,2013-11-07T13:01:32.917,4864,4847,1
129988,2014-09-24T07:22:54.267,9057,381,1
137860,2014-12-04T20:01:39.850,9721,3006,1
3761,2011-09-18T04:32:07.820,264,190,1
119695,2014-07-01T04:47:54.920,8493,4073,1
160432,2015-05-12T03:55:11.753,12335,180,1
199952,2016-02-04T16:13:44.910,15655,3420,1
199953,2016-02-04T16:13:44.910,15655,15340,1
299526,2017-11-17T14:12:30.037,26398,19961,1
476278,2019-09-26T11:34:52.160,33631,32382,1
198938,2016-01-20T21:20:14.187,15601,12238,1
384221,2018-07-16T08:35:54.437,28413,25848,1
575981,2021-07-22T15:41:57.203,34905,40545,1
537586,2020-12-18T17:25:04.380,37782,36424,1
653674,2023-03-08T14:41:47.380,46266,44850,1
457014,2019-07-22T13:56:58.153,14373,20919,1
204217,2016-02-26T16:46:00.450,16860,15454,1
249557,2017-04-03T00:26:43.043,21529,414,1
249556,2017-04-03T00:25:40.920,21529,11172,1
152347,2015-03-13T20:54:59.837,11719,11718,1
191176,2015-11-04T14:33:25.897,14891,1706,1
269743,2017-08-16T22:17:46.107,25711,6878,1
500910,2020-03-27T17:14:43.170,35621,34824,1
453338,2019-06-25T15:04:06.363,31808,26311,1
525628,2020-08-27T01:20:31.827,37049,34839,1
651385,2023-02-14T09:49:53.883,46120,12777,1
67257,2013-01-03T08:08:42.973,3029,2565,1
134716,2014-11-10T05:27:28.457,3029,6799,1
367514,2018-05-04T13:23:37.690,27872,89,1
367513,2018-05-04T13:23:37.690,27872,20919,1
505692,2020-04-19T17:32:01.130,35838,33878,1
132619,2014-10-21T13:15:41.780,9266,8496,1
234748,2016-11-28T18:57:31.397,20332,356,1
234573,2016-11-26T19:16:41.267,20332,6878,1
234803,2016-11-29T21:09:15.070,20332,356,3
234804,2016-11-29T21:09:15.070,20332,6878,3
596389,2022-02-16T11:00:44.873,43890,34865,1
94444,2013-09-18T23:12:36.590,4503,2305,1
383409,2018-07-04T13:19:29.370,28307,1515,1
383408,2018-07-04T13:15:41.083,28307,3252,1
383410,2018-07-04T13:20:32.153,28307,5875,1
446163,2019-05-23T19:23:03.960,31556,31164,1
25899,2011-12-14T22:51:50.250,1154,612,1
220382,2016-08-01T15:28:29.467,19259,9941,1
630027,2022-10-02T20:27:15.440,45270,4196,1
194449,2015-12-08T06:16:02.577,9713,4574,1
611349,2022-04-20T13:07:51.647,44337,31980,1
663600,2023-04-22T13:32:08.697,46504,20286,1
100320,2013-11-23T16:52:15.807,5977,1669,1
100338,2013-11-23T18:11:41.813,5977,5979,1
129793,2014-09-20T23:23:35.253,9026,7039,1
457366,2019-07-24T09:06:10.383,31980,29471,1
642334,2023-01-03T13:15:36.970,45877,2555,1
642355,2023-01-03T23:11:55.707,45877,2555,3
698330,2024-02-11T08:54:17.913,48296,9443,1
698319,2024-02-11T02:03:08.887,48296,43954,1
77767,2013-02-12T01:18:06.747,3189,1802,1
144637,2015-01-31T01:20:42.587,11230,8600,1
206795,2016-03-30T10:28:33.680,17181,12777,1
96501,2013-10-13T11:36:57.390,4706,338,1
678033,2023-07-23T01:06:24.203,47159,36906,1
317078,2018-01-06T04:30:14.767,26836,4082,1
331250,2018-03-11T09:06:44.247,27377,12433,1
331488,2018-03-13T12:18:40.177,27377,12433,3
651656,2023-02-18T12:57:21.593,46140,27194,1
496457,2020-02-22T16:36:40.980,26813,13143,1
390144,2018-08-02T13:12:34.707,28585,27967,1
488121,2019-12-19T16:03:25.850,34567,32011,1
576059,2021-07-23T15:07:30.230,40561,12371,1
650920,2023-02-04T18:54:50.253,46069,29925,1
122631,2014-07-20T22:05:53.403,8619,8558,1
224451,2016-08-22T10:19:23.360,19439,17595,1
439530,2019-05-05T23:43:10.430,31341,31345,1
505771,2020-04-20T07:29:03.327,35841,6826,1
415336,2018-12-26T16:03:25.720,30039,6167,1
479462,2019-10-11T14:53:16.370,33826,9923,1
257509,2017-05-31T15:14:58.143,23069,20667,1
481901,2019-11-07T08:53:31.897,34132,30661,1
582884,2021-08-12T20:28:33.130,41698,41696,1
617964,2022-07-15T10:55:53.053,44815,11455,1
677093,2023-06-29T13:56:20.193,47022,17400,1
218245,2016-07-03T16:40:34.367,19027,19011,1
405427,2018-10-25T13:18:50.617,29518,17365,1
457734,2019-07-27T13:17:15.507,32011,25522,1
63160,2012-12-06T15:52:04.357,2946,714,1
368561,2018-05-12T18:30:06.937,25582,27295,1
383271,2018-07-02T22:52:03.900,28287,25695,1
525617,2020-08-12T07:18:06.607,36943,30864,1
10081,2011-09-28T19:38:48.730,590,543,1
79387,2013-02-23T00:29:05.473,3252,3212,1
114610,2014-05-28T23:39:41.647,3252,5875,1
567920,2021-04-16T09:18:12.127,38801,38803,3
582934,2021-08-13T19:48:04.677,41706,41688,1
559103,2021-02-26T13:27:43.140,38409,2982,1
631008,2022-10-22T07:00:38.340,45399,36413,1
435448,2019-04-15T23:10:09.130,31184,31153,1
537764,2020-12-26T13:17:29.973,37919,8342,1
13821,2011-10-07T18:01:41.540,739,654,1
28401,2012-01-16T16:58:04.973,1280,679,1
268293,2017-08-07T11:57:51.520,25625,2062,1
290734,2017-10-16T15:28:48.400,26166,872,1
291188,2017-10-17T06:14:02.550,26166,872,3
50962,2012-08-19T20:14:38.090,1921,512,1
623044,2022-08-20T22:42:53.850,45035,38388,1
693252,2023-12-01T12:08:05.477,47952,3734,1
693253,2023-12-01T14:34:02.097,47952,3734,3
79026,2013-02-21T09:38:01.537,3226,1320,1
118853,2014-06-19T17:17:52.870,8396,2269,1
127464,2014-08-24T06:49:52.330,8845,224,1
487199,2019-12-10T15:14:56.413,34530,1960,1
44491,2012-06-19T08:33:29.003,2136,1905,1
97529,2013-10-28T15:01:21.577,4792,3398,1
144199,2015-01-18T22:56:07.637,11121,9713,1
212458,2016-05-22T13:54:50.303,17358,17019,1
331702,2018-03-15T06:24:54.540,27437,27403,1
394587,2018-08-27T16:02:26.603,28765,15497,1
415990,2018-12-31T18:38:00.337,30093,17271,1
432790,2019-04-01T11:35:51.400,31018,2555,1
454041,2019-07-03T15:16:14.000,31851,2829,1
485190,2019-11-28T12:43:48.617,34338,34326,1
593178,2022-01-12T15:26:02.387,43730,9282,1
611644,2022-05-01T12:11:43.087,44394,43957,1
611645,2022-05-01T12:16:06.420,44394,44137,1
227019,2016-09-17T13:37:49.250,19734,18958,1
236255,2016-12-03T19:35:51.567,20398,2557,1
577324,2021-07-31T17:48:32.777,41623,9686,1
577325,2021-07-31T17:48:32.777,41623,31845,1
87033,2013-05-07T15:20:44.400,3656,3250,1
197862,2016-01-06T04:05:36.180,15435,2252,1
244023,2017-02-10T11:22:34.847,21085,12604,1
592290,2021-12-18T19:47:19.130,43561,40356,1
118483,2014-06-14T21:18:20.677,8373,7048,1
383037,2018-06-30T23:32:32.580,28270,8934,1
434018,2019-04-06T22:33:00.950,31095,11444,1
203089,2016-02-17T21:20:20.540,16809,9903,1
218421,2016-07-06T09:10:52.573,19047,18993,1
398050,2018-09-19T14:46:39.163,29080,29068,1
113493,2014-05-14T14:28:30.060,7168,633,1
384098,2018-07-15T06:13:55.637,28393,28066,1
414537,2018-12-19T22:39:15.507,29982,1634,1
107099,2014-02-04T12:54:01.270,6527,76,1
107121,2014-02-05T01:17:03.857,6527,4294,1
131807,2014-10-12T23:46:39.380,9183,4286,1
131820,2014-10-13T03:37:07.663,9183,4286,3
217969,2016-07-01T05:45:49.903,19001,525,1
217968,2016-07-01T05:45:49.903,19001,17019,1
530264,2020-09-13T03:44:17.483,37155,34858,1
593596,2022-01-29T18:24:21.427,43807,9928,1
584052,2021-09-11T20:23:20.877,42920,39132,1
584053,2021-09-11T20:26:03.313,42920,40356,1
96233,2013-10-10T17:53:27.147,4692,4694,1
255838,2017-05-20T23:59:49.403,23000,11428,1
317393,2018-01-12T21:57:52.127,26873,1476,1
317394,2018-01-12T21:57:52.127,26873,7235,1
317395,2018-01-12T21:57:52.127,26873,21408,1
354373,2018-04-10T15:51:19.707,27660,19006,1
475253,2019-09-21T06:40:45.900,33574,29164,1
475252,2019-09-21T06:40:45.900,33574,32371,1
592525,2021-12-24T14:06:29.153,43607,31069,1
663099,2023-04-15T17:29:56.197,46455,46452,1
239347,2016-12-28T05:40:26.550,20636,3484,1
533845,2020-10-19T13:20:57.780,37401,9261,1
3106,2011-09-16T16:31:52.770,221,169,1
55366,2012-09-22T22:55:28.480,1549,573,1
271450,2017-09-02T21:39:37.097,25848,947,1
439905,2019-05-08T14:26:58.367,31356,31379,1
206240,2016-03-22T22:49:22.757,12764,6768,1
274757,2017-09-25T11:41:58.870,25994,12777,1
480314,2019-10-19T05:01:21.307,33912,26216,1
172456,2015-08-13T22:37:04.990,13079,7213,1
364878,2018-04-26T22:58:39.670,27806,14493,1
400211,2018-09-26T22:03:52.953,29229,22816,1
35494,2012-03-24T18:31:12.930,1695,1681,1
239786,2017-01-01T21:40:18.593,20667,1083,1
240252,2017-01-08T16:31:32.450,20667,3484,1
457866,2019-07-28T19:12:33.533,32028,449,1
192798,2015-11-27T13:26:46.167,15120,4555,1
241171,2017-01-19T07:23:48.687,20859,3212,1
241237,2017-01-19T22:12:48.670,20859,19508,1
487083,2019-12-09T17:10:04.467,34519,6351,1
530611,2020-09-15T15:51:16.713,37175,1239,1
530590,2020-09-15T12:52:06.297,37175,1398,1
225206,2016-08-29T09:38:11.173,19508,1915,1
335300,2018-03-23T13:36:35.390,26455,20683,1
630748,2022-10-18T15:06:37.753,45353,11972,1
728,2011-09-14T08:53:07.183,9,89,1
330293,2018-03-02T13:06:05.697,27288,27252,1
361660,2018-04-20T13:24:39.710,27755,27751,1
109983,2014-03-21T18:49:00.787,6799,4294,1
623750,2022-09-16T09:14:37.077,45161,2124,1
623749,2022-09-16T09:12:44.787,45161,33565,1
623906,2022-09-22T00:15:19.230,45161,2124,3
100256,2013-11-23T11:47:51.250,5940,212,1
122386,2014-07-17T12:52:31.247,8596,8558,1
399875,2018-09-25T22:33:31.030,29203,29172,1
470164,2019-09-09T17:53:05.553,32449,32433,1
148076,2015-02-14T13:15:56.980,11413,763,1
3559,2011-09-17T09:23:58.870,244,224,1
83495,2013-03-18T14:49:00.883,3398,2340,1
134110,2014-11-03T14:41:12.600,9398,2532,1
226894,2016-09-15T16:03:05.380,19714,15148,1
226856,2016-09-15T05:59:21.543,19714,19666,1
245804,2017-02-25T00:22:25.587,21208,6982,1
569544,2021-05-29T23:49:21.843,39159,14780,1
314837,2017-12-15T16:48:11.430,26661,2046,1
314917,2017-12-16T00:48:00.220,26661,12089,1
383901,2018-07-11T13:27:48.863,28370,15150,1
561470,2021-04-03T01:18:20.203,38698,38682,1
4563,2011-09-20T07:27:02.857,301,180,1
225475,2016-08-31T18:47:33.320,19534,15148,1
260715,2017-06-26T08:28:11.330,23272,6694,1
266183,2017-07-25T12:21:12.107,25522,24472,1
314031,2017-12-13T01:54:59.717,26604,7164,1
314037,2017-12-13T02:56:36.077,26604,7164,3
398438,2018-09-21T13:25:17.390,29023,911,1
396558,2018-09-14T10:53:13.443,29023,2229,1
495374,2020-02-12T10:14:13.833,35174,12777,1
537524,2020-12-16T23:01:41.413,37865,35341,1
218133,2016-07-02T15:15:26.000,18981,18929,1
468954,2019-08-28T15:03:13.113,32220,2427,1
617230,2022-06-26T20:21:26.003,44712,44706,1
617587,2022-07-06T06:40:16.757,44712,44706,3
28294,2012-01-15T16:21:03.000,1283,1282,1
37493,2012-04-12T17:41:26.503,1775,1678,1
85631,2013-04-04T11:25:36.323,3490,3212,3
142510,2015-01-03T20:39:16.973,9982,3728,1
156958,2015-04-22T16:44:50.717,12146,6392,1
189501,2015-10-27T20:51:06.467,14802,13098,1
616660,2022-06-09T09:11:15.417,44612,36257,1
675241,2023-05-26T10:36:58.483,46770,17400,1
218329,2016-07-04T16:37:04.923,19036,3641,1
493177,2020-01-28T01:14:25.820,35017,34326,1
694304,2023-12-31T22:59:47.930,48101,28566,1
252818,2017-04-19T13:26:43.680,22671,2832,1
450781,2019-06-08T21:48:06.583,31708,21473,1
254647,2017-05-09T21:25:08.277,22863,10004,1
478838,2019-10-07T15:41:16.960,33769,33582,1
528698,2020-09-06T01:11:59.110,37089,1354,1
23045,2011-11-09T18:04:57.857,999,20,1
225844,2016-09-04T20:03:14.097,19562,19582,1
233795,2016-11-16T00:13:36.697,20232,12777,1
498620,2020-03-14T09:58:59.517,35475,2812,1
498611,2020-03-14T09:01:02.803,35475,20750,1
569471,2021-05-28T10:01:31.363,39133,3076,1
224920,2016-08-26T17:22:17.840,19468,15513,1
430799,2019-03-20T21:31:39.230,30946,26949,1
559286,2021-03-03T08:57:23.903,38446,37373,1
198562,2016-01-16T16:53:33.527,15532,1915,1
438979,2019-05-02T07:23:29.433,28931,3484,1
653905,2023-03-12T16:35:52.057,46243,788,1
205393,2016-03-10T20:44:31.067,17006,1412,1
43810,2012-06-13T22:32:30.777,2093,1376,1
102284,2013-12-18T07:30:43.160,6077,6031,1
487426,2019-12-12T19:25:52.487,34464,34524,1
497405,2020-03-04T08:28:50.150,35389,739,1
497493,2020-03-05T08:09:27.010,35389,35404,1
663100,2023-04-15T17:30:08.217,46452,46455,1
231895,2016-10-22T21:03:52.883,66,15148,1
500469,2020-03-25T10:27:37.547,35592,9026,1
500467,2020-03-25T10:22:31.900,35592,27485,1
641030,2022-12-02T17:22:37.410,45671,41670,1
684114,2023-09-11T17:18:45.997,47494,44149,1
87584,2013-05-16T05:15:32.450,573,1549,1
29739,2012-02-02T16:49:30.453,1360,356,1
29768,2012-02-02T17:40:04.253,1360,1342,1
105396,2014-01-24T22:25:04.450,6315,3398,1
158788,2015-05-04T19:06:03.583,12266,9063,1
575470,2021-07-03T00:20:54.250,21566,12371,1
254925,2017-05-12T15:45:26.710,22894,66,1
631414,2022-10-28T08:34:30.817,45370,44947,1
575397,2021-07-01T09:05:56.527,40407,34733,1
575398,2021-07-01T09:05:56.527,40407,37727,1
617366,2022-06-30T05:15:48.667,44735,28772,1
617367,2022-06-30T05:15:48.667,44735,43736,1
664531,2023-05-03T14:50:36.950,46604,2136,1
664588,2023-05-04T08:08:52.287,46604,11087,1
664608,2023-05-04T14:00:00.560,46604,19065,1
664540,2023-05-03T14:52:01.450,46604,25772,1
664771,2023-05-06T03:20:14.410,46604,11087,3
697861,2024-01-26T10:38:14.840,48227,19837,1
697862,2024-01-26T15:48:51.133,48227,19837,3
47864,2012-07-23T12:23:55.700,2290,127,1
199063,2016-01-22T05:30:32.077,15615,15452,1
425656,2019-02-12T13:35:01.240,30520,18822,1
425648,2019-02-12T12:56:25.993,30520,19011,1
4966,2011-09-20T17:12:17.750,321,285,1
78569,2013-02-18T03:03:35.730,321,285,3
317000,2018-01-05T19:26:26.287,26830,23369,1
441969,2019-05-15T14:06:11.327,31453,1598,1
611910,2022-05-08T10:50:06.503,44437,25949,1
319064,2018-01-24T16:45:33.610,26976,21102,1
319065,2018-01-24T16:45:33.610,26976,26296,1
482006,2019-11-08T17:14:17.913,34138,5,1
617250,2022-06-27T10:44:36.613,44715,37688,1
32940,2012-03-03T16:55:22.070,1529,1558,1
137509,2014-11-30T17:21:08.220,9687,2555,1
137526,2014-11-30T19:51:47.537,9687,2555,3
315354,2017-12-18T18:57:34.030,26003,11128,1
393950,2018-08-23T01:50:45.160,28708,11212,1
37922,2012-04-15T17:01:09.920,1792,119,1
107236,2014-02-06T08:30:57.570,1792,5915,1
107054,2014-02-04T05:30:54.543,6535,335,1
237845,2016-12-15T17:19:04.117,20527,17271,1
584701,2021-09-29T12:10:01.973,43006,13102,1
105389,2014-01-24T18:55:06.610,106,139,1
113292,2014-05-12T08:06:17.967,7151,1370,1
113323,2014-05-12T21:26:15.577,7151,4242,1
90697,2013-07-15T20:07:40.253,3999,3398,1
90698,2013-07-15T20:07:40.253,3999,3921,1
243756,2017-02-08T12:48:55.010,21068,2226,1
243757,2017-02-08T12:48:55.010,21068,3006,1
359747,2018-04-17T01:53:55.647,27732,17271,1
409616,2018-11-25T02:40:55.550,29747,947,1
588390,2021-11-04T00:58:45.043,43272,3309,1
13519,2011-10-06T11:48:01.437,627,212,1
161705,2015-06-06T15:22:22.437,12529,3062,1
228234,2016-10-01T20:32:51.830,19860,19825,1
413961,2018-12-17T05:36:16.877,29939,26471,1
108422,2014-02-23T18:18:31.253,6653,3393,1
108421,2014-02-23T18:18:31.253,6653,5892,1
421799,2019-01-26T15:01:30.813,27285,26845,1
152441,2015-03-16T08:29:17.403,11745,9673,1
241423,2017-01-21T22:06:22.320,20899,10004,1
295127,2017-10-24T14:14:17.260,26223,4079,1
295126,2017-10-24T14:14:17.260,26223,20689,1
683843,2023-09-02T22:45:48.317,47365,2504,1
511212,2020-05-14T08:39:47.253,36196,17486,1
511211,2020-05-14T08:39:47.253,36196,19837,1
511210,2020-05-14T08:39:47.253,36196,25558,1
20200,2011-10-24T07:02:39.647,882,486,1
629815,2022-09-29T10:58:47.103,4371,34083,1
171426,2015-08-09T23:05:19.387,13039,543,1
222250,2016-08-05T05:22:57.903,19276,536,1
435388,2019-04-15T14:05:20.960,31178,19393,1
435390,2019-04-15T14:49:20.823,31178,31175,1
435467,2019-04-15T23:20:32.393,31178,19393,3
435466,2019-04-15T23:20:32.393,31178,31175,3
467443,2019-08-14T23:22:19.473,32174,7048,1
515553,2020-06-14T10:03:51.907,36502,857,1
367653,2018-05-05T05:29:36.450,27881,7270,1
367652,2018-05-05T05:28:40.737,27881,17568,1
640985,2022-12-01T17:55:49.057,45648,37959,1
640890,2022-11-30T12:01:16.997,45648,44755,1
132501,2014-10-20T10:03:05.537,9252,338,1
191175,2015-11-04T14:31:28.867,9252,7240,1
227932,2016-09-28T15:59:23.720,19817,19714,1
11936,2011-10-02T18:00:02.397,639,654,1
60295,2012-11-11T06:24:42.343,2803,2711,1
622893,2022-08-15T13:36:24.263,45001,15120,1
622891,2022-08-15T10:54:43.623,45001,27830,1
89889,2013-06-30T13:58:41.003,3936,865,1
89900,2013-06-30T19:27:26.830,3936,865,3
366792,2018-05-02T02:24:12.147,27838,23092,1
653380,2023-03-02T20:14:39.800,46232,6982,1
131010,2014-10-09T12:58:52.217,4103,212,1
129513,2014-09-17T00:58:29.953,9012,2216,1
31026,2012-02-14T23:37:24.913,1424,210,1
39722,2012-05-04T03:28:02.800,1873,1632,1
486959,2019-12-08T16:32:57.937,34505,22577,1
486960,2019-12-08T16:32:57.937,34505,33619,1
575065,2021-06-22T21:02:05.697,40339,20771,1
575064,2021-06-22T20:08:02.617,40339,37683,1
575066,2021-06-22T22:50:13.127,40339,37683,3
663843,2023-04-25T05:48:43.897,46530,46529,1
663634,2023-04-22T19:05:55.043,46507,38616,1
663635,2023-04-22T19:05:55.043,46507,43736,1
147630,2015-02-11T03:38:41.587,9745,9084,1
336239,2018-03-25T16:45:21.457,27512,325,1
612188,2022-05-16T11:36:21.670,44492,3106,1
612242,2022-05-17T13:27:40.500,44492,3106,3
35520,2012-03-24T18:31:35.230,1681,1695,1
153276,2015-03-31T18:45:49.260,11837,1994,1
470109,2019-09-09T08:05:52.920,11837,6670,1
153277,2015-03-31T18:45:49.260,11837,6972,1
449351,2019-06-03T18:12:10.617,31657,29026,1
476455,2019-09-27T10:12:14.220,33649,19952,1
394572,2018-08-27T11:42:18.797,28763,20960,1
394654,2018-08-28T04:25:21.213,28763,20960,3
452335,2019-06-17T14:45:50.213,31757,13182,1
568448,2021-04-30T11:37:01.183,38919,19837,1
568447,2021-04-30T11:37:01.183,38919,34083,1
664150,2023-04-28T10:21:13.703,39111,46570,1
433041,2019-04-03T00:15:37.800,31047,31031,1
96213,2013-10-10T11:27:12.640,4690,2619,1
96220,2013-10-10T11:40:43.070,4690,4548,1
247858,2017-03-19T14:47:08.403,21421,3344,1
247859,2017-03-19T14:48:49.670,21421,20669,1
247926,2017-03-20T10:11:29.537,21421,3344,3
395975,2018-09-07T18:27:41.903,26330,1138,1
395974,2018-09-07T18:27:41.903,26330,12777,1
400315,2018-09-27T14:03:11.733,29247,3006,1
632637,2022-11-18T03:53:58.873,45563,42990,1
133864,2014-10-31T23:26:20.970,9361,562,1
133863,2014-10-31T23:24:47.950,9361,1178,1
228235,2016-10-01T20:48:30.927,19855,3309,1
229389,2016-10-04T22:05:04.350,19855,4242,1
228202,2016-10-01T16:05:44.067,19855,7151,1
32889,2012-03-03T16:54:04.203,1558,1529,1
82494,2013-03-11T02:16:47.260,3316,1023,1
191788,2015-11-12T11:59:30.527,14969,6348,1
219990,2016-07-26T16:48:23.013,19214,18822,1
426973,2019-02-21T12:13:51.153,30621,23162,1
427185,2019-02-23T07:12:03.690,30621,30641,1
574411,2021-06-05T12:41:52.663,40201,39086,1
197685,2016-01-03T22:09:59.913,15418,3484,1
197712,2016-01-04T11:12:03.007,15418,3484,3
246541,2017-03-05T05:34:00.970,21275,21271,1
489271,2020-01-03T08:51:01.300,34751,34626,1
502067,2020-03-28T18:48:04.383,35630,35596,1
642867,2023-01-17T12:17:59.030,45958,865,1
642873,2023-01-17T12:35:09.417,45958,20421,1
642866,2023-01-17T12:17:59.030,45958,45952,1
91374,2013-07-29T09:43:09.487,4057,3973,1
190976,2015-11-02T10:05:34.457,14877,212,1
22622,2011-11-06T10:37:34.420,960,212,1
454099,2019-07-04T11:58:35.087,2829,31851,1
618017,2022-07-16T05:52:59.493,44830,44815,1
651835,2023-02-20T23:15:29.443,46158,46145,1
231203,2016-10-17T12:24:02.777,107,14586,1
132566,2014-10-20T22:56:46.120,9261,3378,1
242678,2017-01-30T15:46:21.757,12842,4165,1
316503,2017-12-30T19:27:10.057,26502,9656,1
414848,2018-12-21T15:29:03.497,30011,20196,1
415737,2018-12-29T20:21:22.827,30011,20196,3
210983,2016-04-30T16:05:04.630,17468,4667,1
575471,2021-07-03T00:30:06.493,37863,9471,1
225118,2016-08-28T15:52:19.783,19483,127,1
559328,2021-03-04T12:21:48.997,38455,16929,1
568988,2021-05-16T05:34:09.190,39045,14629,1
568986,2021-05-16T05:34:09.190,39045,25650,1
568987,2021-05-16T05:34:09.190,39045,26970,1
575779,2021-07-15T09:20:54.057,40496,15547,1
82764,2013-03-12T04:08:27.693,3359,2742,1
592177,2021-12-15T18:17:20.713,3359,12777,1
402425,2018-10-07T19:22:08.750,29327,28593,1
467455,2019-08-14T23:35:15.127,4664,32174,1
215271,2016-06-07T18:13:26.583,18773,17522,1
99788,2013-11-16T16:48:20.893,5915,3458,1
122911,2014-07-25T02:35:51.543,8620,379,1
123402,2014-07-31T17:00:41.183,8694,8577,1
9955,2011-09-28T13:21:04.500,350,582,1
187925,2015-10-22T08:37:38.633,14757,14467,1
412574,2018-12-14T23:07:45.323,29911,26878,1
128042,2014-09-02T12:40:49.210,8912,6801,1
247627,2017-03-17T01:23:22.947,21398,20688,1
451230,2019-06-11T07:47:00.970,31714,11090,1
525625,2020-08-24T12:36:00.967,37038,6908,1
538807,2021-01-25T18:41:23.837,38175,38169,1
383338,2018-07-03T12:46:44.697,28288,28289,1
12767,2011-10-04T21:19:54.890,691,612,1
174631,2015-08-22T16:50:33.380,13177,6973,1
425039,2019-02-09T03:15:19.063,30495,20459,1
425038,2019-02-09T03:12:39.567,30495,28287,1
531645,2020-09-23T05:00:14.610,37230,315,1
5367,2011-09-21T01:12:48.920,342,180,1
166762,2015-07-11T13:42:23.863,12785,2557,1
396169,2018-09-09T23:33:56.270,28966,28929,1
653795,2023-03-10T15:06:32.660,46284,43937,1
180145,2015-09-25T23:20:05.480,14459,6767,1
219209,2016-07-16T17:12:28.897,19134,19131,1
525220,2020-08-05T14:49:19.643,34282,34326,1
315509,2017-12-19T16:11:49.593,23313,9988,1
512985,2020-05-25T16:02:30.833,36297,33722,1
559125,2021-02-27T01:22:28.520,38412,12238,1
559116,2021-02-27T00:50:41.363,38412,15601,1
611754,2022-05-04T12:40:50.470,44412,44321,1
622956,2022-08-17T09:47:05.167,45002,44149,1
105952,2014-02-01T06:25:52.180,6522,3360,1
105963,2014-02-01T16:08:14.943,6522,4242,1
105953,2014-02-01T06:25:52.180,6522,4733,1
254481,2017-05-07T13:54:11.023,22838,4585,1
630959,2022-10-21T22:45:33.107,45391,3327,1
630958,2022-10-21T22:45:33.107,45391,31719,1
6619,2011-09-22T00:34:50.900,379,384,1
165945,2015-07-01T22:18:32.223,12736,3587,1
293245,2017-10-20T16:08:21.193,26181,574,1
317369,2018-01-12T11:07:12.840,26845,16994,1
321481,2018-02-02T11:04:39.800,27060,15702,1
495769,2020-02-16T19:01:35.553,35218,35210,1
511527,2020-05-15T23:45:47.063,36214,19095,1
598361,2022-03-26T19:23:09.843,44157,44134,1
233927,2016-11-18T14:37:36.620,20038,17271,1
398422,2018-09-21T10:14:46.767,29121,28903,1
428488,2019-03-06T05:40:48.267,30781,7224,1
434440,2019-04-09T11:43:04.717,31113,8934,1
237685,2016-12-14T21:32:17.650,20516,20203,1
499112,2020-03-16T17:40:46.353,35504,35500,1
35107,2012-03-21T09:24:12.597,1515,1598,1
382582,2018-06-27T09:45:20.130,28248,2252,1
382593,2018-06-27T11:43:05.030,28248,2252,3
241151,2017-01-18T19:15:56.310,20771,7048,1
574866,2021-06-17T21:49:33.007,40290,39086,1
651460,2023-02-15T20:16:09.510,46124,4834,1
474530,2019-09-17T11:54:24.180,33529,8934,1
316522,2017-12-30T21:05:49.700,16981,9103,1
525616,2020-08-09T23:37:29.983,36924,1007,1
688085,2023-10-03T12:52:33.043,47621,34052,1
109173,2014-03-07T14:31:14.480,4856,6725,1
144249,2015-01-20T15:43:35.497,11093,11128,1
201303,2016-02-11T00:32:31.900,15753,1502,1
202883,2016-02-16T06:14:48.073,15753,1502,3
651046,2023-02-07T02:01:22.110,46061,3252,1
651045,2023-02-07T02:01:22.110,46061,5875,1
651047,2023-02-07T02:01:22.110,46061,28307,1
267532,2017-07-31T12:38:47.353,25511,20925,3
260953,2017-06-28T05:55:24.740,23293,23269,1
584627,2021-09-27T21:34:49.613,43015,31371,1
584629,2021-09-27T21:34:49.613,43015,31597,1
584628,2021-09-27T21:34:49.613,43015,35428,1
133697,2014-10-30T15:26:13.203,9364,810,1
133700,2014-10-30T16:47:40.997,9364,3006,1
134296,2014-11-05T11:39:31.953,9364,810,3
246618,2017-03-06T09:44:51.787,21278,14433,1
246619,2017-03-06T09:45:49.340,21278,20960,1
575967,2021-07-22T11:43:52.483,40545,34905,1
247927,2017-03-20T10:30:01.007,9270,21355,1
295856,2017-10-26T12:00:00.463,26244,1077,1
561358,2021-03-31T18:27:43.670,2832,37761,1
514675,2020-06-06T10:21:18.277,36417,9772,1
247413,2017-03-14T11:37:03.730,21372,4026,1
247411,2017-03-14T11:33:34.720,21372,12777,1
247412,2017-03-14T11:37:03.730,21372,21185,1
247717,2017-03-17T19:21:04.840,21372,21373,1
632197,2022-11-10T19:59:30.397,45520,6785,1
632357,2022-11-13T21:24:48.503,45520,6785,3
398439,2018-09-21T13:25:41.333,911,29023,1
26881,2011-12-28T01:41:03.727,1206,1199,1
515669,2020-06-15T15:27:30.300,36469,7048,1
44193,2012-06-16T03:28:06.813,2099,280,1
44238,2012-06-16T09:30:40.820,2099,536,1
44237,2012-06-16T09:30:40.817,2099,763,1
192644,2015-11-25T05:39:01.517,15095,1163,1
192698,2015-11-25T23:28:46.637,15095,1340,1
430340,2019-03-18T00:26:30.957,30913,30902,1
675502,2023-05-30T12:55:26.903,46802,1628,1
142673,2015-01-05T17:47:36.537,9238,1443,1
237902,2016-12-16T02:59:34.910,20525,865,1
254533,2017-05-08T12:12:14.693,22849,22788,1
514905,2020-06-08T11:40:44.990,36437,35863,1
533642,2020-10-13T09:31:27.510,37362,20919,1
641565,2022-12-12T21:22:21.780,45760,41829,1
427469,2019-02-24T22:03:43.903,30655,7247,1
631855,2022-11-04T20:49:35.877,45477,13192,1
631854,2022-11-04T20:49:35.877,45477,43478,1
496691,2020-02-25T15:20:23.000,35304,8612,1
588240,2021-10-31T06:37:20.577,43247,3484,1
593542,2022-01-28T09:16:29.627,43788,25557,1
593484,2022-01-26T01:11:18.533,43788,29946,1
642964,2023-01-18T15:36:22.287,45952,45958,1
96996,2013-10-21T12:35:14.887,4561,212,1
96995,2013-10-21T12:35:14.887,4561,1502,1
109162,2014-03-07T14:30:44.853,6725,4856,1
359324,2018-04-16T12:57:45.863,13217,13216,1
360723,2018-04-18T13:31:54.103,13217,13216,3
506596,2020-04-26T14:36:55.850,35939,35933,1
507379,2020-05-03T10:23:51.083,35939,35933,3
689610,2023-11-11T10:18:37.997,47841,35185,1
196836,2015-12-26T12:32:43.753,15358,3250,1
271051,2017-08-29T00:09:14.423,25809,20196,1
96005,2013-10-09T07:41:38.750,41,4667,1
96016,2013-10-09T07:44:37.370,41,4668,1
9303,2011-09-27T05:27:42.930,551,392,1
93392,2013-09-01T14:31:49.500,4369,1689,1
93391,2013-09-01T14:31:49.500,4369,4314,1
209726,2016-04-20T17:16:34.900,17365,15148,1
36174,2012-03-30T21:03:59.690,1727,1723,1
216594,2016-06-18T04:26:57.100,18882,15148,1
242089,2017-01-29T20:46:37.720,20960,20925,1
406776,2018-11-08T19:18:59.843,29616,28569,1
496337,2020-02-21T02:51:29.810,35269,14493,1
496339,2020-02-21T04:55:08.467,35269,14493,3
577264,2021-07-29T20:50:15.030,41604,37146,1
682734,2023-08-06T09:09:28.793,47257,14407,1
191620,2015-11-10T00:09:16.507,14946,1069,1
191621,2015-11-10T01:25:14.580,14946,1083,1
238787,2016-12-21T21:37:21.767,20270,20584,1
269317,2017-08-13T16:22:52.480,25680,810,1
269303,2017-08-13T15:31:39.867,25680,3212,1
269322,2017-08-13T17:00:10.250,25680,810,3
683087,2023-08-14T23:23:33.827,47320,47318,1
395980,2018-09-07T22:56:15.543,28926,28563,1
592176,2021-12-15T17:50:16.120,43533,31075,1
359955,2018-04-17T10:22:26.957,27738,27679,1
597961,2022-03-17T21:13:31.457,44066,1163,1
167480,2015-07-29T18:25:38.733,12939,918,1
239652,2016-12-30T18:53:07.937,20654,20656,1
423122,2019-02-01T22:16:02.883,23316,23309,1
475655,2019-09-23T05:55:14.613,33595,18958,1
475603,2019-09-22T20:23:53.360,33595,29958,1
475604,2019-09-22T20:23:53.360,33595,32423,1
140479,2014-12-12T23:27:38.600,3393,9674,1
136998,2014-11-26T03:02:04.567,9642,865,1
328151,2018-02-20T11:23:52.747,27197,27127,1
489401,2020-01-04T19:54:38.870,34771,8893,1
641166,2022-12-05T09:59:15.997,45689,45659,1
653770,2023-03-10T09:27:13.063,46281,44686,1
428985,2019-03-10T08:07:06.380,30830,180,1
429241,2019-03-14T16:54:12.623,30830,30853,1
588678,2021-11-13T07:46:30.283,43304,3484,1
489697,2020-01-08T20:20:24.400,34173,30397,1
689578,2023-11-10T14:54:42.243,47833,43924,1
180307,2015-09-27T20:41:36.710,14468,3378,1
342110,2018-03-27T06:46:06.450,14468,3378,3
237447,2016-12-12T15:32:38.607,3794,20143,1
406730,2018-11-08T01:43:57.510,25729,2550,1
399556,2018-09-24T03:35:56.000,29172,29166,1
481954,2019-11-07T23:25:54.717,34127,34134,1
33618,2012-03-09T18:56:46.930,1610,1598,1
65323,2012-12-30T09:14:47.930,3015,836,1
152535,2015-03-17T16:38:29.333,11766,6512,1
152536,2015-03-17T16:38:29.333,11766,11502,1
255179,2017-05-15T02:09:16.510,22912,15148,1
157758,2015-04-27T06:43:54.263,6281,4842,1
511434,2020-05-15T13:43:24.567,36188,36048,1
683834,2023-09-02T21:41:16.773,47426,47424,1
485138,2019-11-28T01:39:18.540,34342,315,1
511454,2020-05-15T15:41:53.593,36211,34083,1
513475,2020-05-28T04:49:33.300,36334,32276,1
525620,2020-08-17T14:18:40.857,36998,26878,1
398386,2018-09-21T05:50:41.837,28903,29121,1
515365,2020-06-12T14:14:44.583,36480,36123,1
622692,2022-08-10T08:31:59.330,44970,44978,1
218524,2016-07-07T16:36:19.860,19062,19047,1
402629,2018-10-08T17:36:32.787,29341,27666,1
497284,2020-03-03T09:00:27.730,35378,35304,1
8397,2011-09-24T16:28:33.330,67,338,1
9554,2011-09-27T13:34:59.327,562,39,1
59349,2012-11-01T11:08:37.793,2735,2722,1
103658,2014-01-05T02:39:16.160,6316,11,1
596753,2022-02-24T20:56:22.890,43937,43943,1
632436,2022-11-15T09:29:24.783,45265,25949,1
96484,2013-10-13T10:42:29.453,4704,373,1
100732,2013-11-28T12:34:42.393,4704,1960,3
369085,2018-05-16T21:21:40.287,27967,947,1
369087,2018-05-16T21:38:49.203,27967,1178,1
369086,2018-05-16T21:36:24.310,27967,25848,1
642534,2023-01-09T13:14:53.013,45906,30530,1
79882,2013-02-25T19:12:32.023,3276,155,1
589450,2021-12-01T07:26:51.163,43450,20196,1
382043,2018-06-21T21:17:03.413,28205,17339,1
382200,2018-06-23T02:01:17.340,28205,17339,3
57616,2012-10-15T22:33:17.967,2692,2650,1
135943,2014-11-16T22:22:19.703,4186,1577,1
197772,2016-01-05T02:45:08.730,15427,9428,1
164749,2015-06-21T22:18:16.143,6914,8881,1
538793,2021-01-25T15:17:06.950,38169,35583,1
75475,2013-01-29T18:00:55.700,3141,2812,1
180321,2015-09-28T02:22:10.117,3476,12371,1
180538,2015-10-01T06:49:32.470,3476,12371,3
101241,2013-12-06T02:35:55.603,6058,2117,1
12037,2011-10-02T21:57:14.473,536,661,1
331455,2018-03-13T00:44:29.150,27406,2571,1
346844,2018-04-02T16:45:04.780,27406,2571,3
560145,2021-03-26T08:29:14.980,38641,3344,1
588151,2021-10-28T09:51:38.533,43224,36424,1
598364,2022-03-26T20:47:35.420,44149,3006,1
598365,2022-03-26T20:47:35.420,44149,26902,1
95936,2013-10-08T21:17:57.800,4658,3730,1
166821,2015-07-14T10:32:18.407,12822,9529,1
479233,2019-10-10T00:03:03.113,33804,28300,1
525622,2020-08-19T22:27:41.097,33970,1671,1
42260,2012-05-30T11:56:07.220,1979,1669,1
164419,2015-06-19T00:23:50.847,12630,2557,1
261759,2017-07-07T22:54:34.027,23376,9995,1
457921,2019-07-29T02:54:16.217,32032,3484,1
664414,2023-05-01T20:08:01.340,46590,12391,1
664415,2023-05-01T20:08:01.340,46590,30530,1
246708,2017-03-07T13:52:11.897,21235,4623,1
253705,2017-04-28T22:38:30.383,22735,989,1
253928,2017-05-01T18:27:05.620,22735,22610,1
253981,2017-05-02T06:38:12.637,22735,22610,3
326484,2018-02-14T15:49:30.027,27137,13075,1
326485,2018-02-14T15:50:50.177,27137,25512,1
487881,2019-12-16T23:52:17.960,34588,28612,1
255167,2017-05-14T23:58:38.297,22915,2114,1
497932,2020-03-09T14:13:00.343,35401,25949,1
537330,2020-12-12T01:44:47.500,37820,33878,1
94799,2013-09-24T01:35:56.623,4535,4517,1
48493,2012-07-31T17:27:43.517,2320,736,1
425892,2019-02-14T07:48:51.660,30538,16929,1
558344,2021-02-06T23:10:13.377,38269,28871,1
642644,2023-01-12T10:42:47.730,45929,45930,1
93121,2013-08-28T07:01:34.563,4286,392,1
186200,2015-10-16T03:37:29.617,9241,14519,1
507229,2020-05-01T19:49:04.663,35221,2305,1
664149,2023-04-28T10:20:43.660,46570,39111,1
248063,2017-03-21T16:46:34.727,21441,12089,1
386110,2018-07-22T21:14:34.573,28474,865,1
386093,2018-07-22T19:18:32.947,28474,25762,1
377587,2018-05-29T01:07:10.350,4478,301,1
108329,2014-02-22T21:07:40.667,6642,414,1
439904,2019-05-08T14:26:15.853,31379,31356,1
63330,2012-12-09T01:08:52.770,2941,139,1
144035,2015-01-13T16:24:39.277,9510,8418,1
251404,2017-04-10T11:47:20.357,22577,21456,1
251756,2017-04-13T09:18:29.253,22577,21456,3
516329,2020-06-21T01:11:05.123,36569,9016,1
677284,2023-07-03T20:15:36.807,47051,47050,1
259594,2017-06-15T14:06:23.813,23193,3076,1
94964,2013-09-26T15:16:51.317,4555,4196,1
380413,2018-06-11T14:28:25.893,28125,27472,1
523201,2020-07-30T21:09:43.400,36855,2652,1
9302,2011-09-27T04:30:09.067,548,210,1
107388,2014-02-08T09:33:39.757,1753,212,1
218677,2016-07-09T21:54:59.410,19065,17462,1
503940,2020-04-07T14:16:19.243,35713,17324,1
503945,2020-04-07T14:20:33.917,35713,27983,1
504429,2020-04-10T18:28:03.357,35713,27983,3
533690,2020-10-14T21:34:40.587,37373,36697,1
8900,2011-09-26T16:26:44.943,525,379,1
497487,2020-03-05T08:09:05.260,35404,35389,1
384364,2018-07-17T22:11:47.477,19142,28288,1
494898,2020-02-08T12:22:39.523,35126,2829,1
495005,2020-02-09T18:07:05.473,35126,17179,1
569215,2021-05-22T12:51:55.673,39085,8612,1
21235,2011-10-28T13:43:10.380,897,714,1
431275,2019-03-21T20:42:05.437,30950,17271,1
190726,2015-11-01T04:58:51.613,14866,12874,1
190715,2015-11-01T04:57:38.847,14866,14835,1
212554,2016-05-23T17:34:04.743,17645,17271,1
500854,2020-03-27T08:09:42.183,35596,31101,1
525627,2020-08-26T18:01:35.893,37047,34961,1
206042,2016-03-20T14:58:36.310,17081,2593,1
457347,2019-07-24T04:31:14.393,31986,19106,1
533252,2020-10-05T09:24:11.593,37310,28404,1
576053,2021-07-23T12:32:04.103,40559,2093,1
89680,2013-06-26T11:24:16.403,3920,1254,1
167014,2015-07-20T13:34:54.180,12859,9024,1
213284,2016-06-02T21:27:57.367,17685,17686,1
229574,2016-10-06T01:57:19.587,19892,9995,1
229900,2016-10-09T04:09:54.397,19892,9995,3
243238,2017-02-04T13:25:01.907,21017,19214,1
316508,2017-12-30T19:56:32.253,25949,9237,1
418513,2019-01-17T11:13:09.157,30280,27660,1
475871,2019-09-24T13:28:51.600,33612,3211,1
151151,2015-03-01T22:44:27.597,11577,3514,1
267413,2017-07-30T03:11:28.117,25557,1529,1
684282,2023-09-15T00:04:15.997,47529,1206,1
684284,2023-09-15T02:00:21.573,47529,1206,3
151387,2015-03-03T11:34:34.860,11588,8962,1
388692,2018-07-25T21:00:26.243,28497,28473,1
48790,2012-08-03T19:25:50.480,2340,1745,1
48755,2012-08-03T08:17:37.610,2340,1890,1
211184,2016-05-02T06:26:00.663,17488,3252,1
211183,2016-05-02T06:25:20.117,17488,5875,1
225615,2016-09-01T21:09:21.317,19111,1163,1
218981,2016-07-13T20:33:19.137,19111,1340,1
3635,2011-09-17T09:35:49.200,224,244,1
348240,2018-04-04T13:43:34.080,27615,27199,1
536809,2020-11-29T21:45:12.670,37697,23162,1
188626,2015-10-24T19:32:51.023,14780,180,1
677553,2023-07-10T14:54:06.797,46945,21085,1
142713,2015-01-06T11:30:14.220,10020,4487,1
692896,2023-11-22T20:06:26.990,11087,19065,1
213825,2016-06-04T01:46:36.470,17751,17747,1
331756,2018-03-16T17:56:03.370,27403,27437,1
677869,2023-07-18T21:32:18.373,47134,40549,1
439422,2019-05-05T09:05:54.637,31339,1960,1
503323,2020-04-04T00:53:36.030,35679,7159,1
651843,2023-02-21T06:40:19.353,46161,12433,1
25942,2011-12-15T07:18:06.470,1149,212,1
25829,2011-12-14T17:48:19.277,1149,301,1
25830,2011-12-14T17:48:19.277,1149,342,1
25802,2011-12-14T13:59:58.630,1149,1144,1
25969,2011-12-15T07:28:36.213,1149,1158,1
44737,2012-06-20T07:10:27.647,2148,1951,1
135785,2014-11-15T13:43:56.067,8480,9515,1
677953,2023-07-20T19:08:29.350,20382,47144,1
283936,2017-10-08T15:19:23.590,26121,7159,1
425829,2019-02-13T14:01:18.127,30535,26977,1
538879,2021-01-27T17:04:47.180,38195,38045,1
397857,2018-09-18T11:00:09.503,29061,29059,1
231149,2016-10-16T20:17:27.280,20001,17271,1
231397,2016-10-19T02:10:12.983,20001,19825,1
55839,2012-09-26T13:36:37.883,2623,1370,1
144896,2015-02-05T15:10:55.113,11302,3250,1
534047,2020-10-25T04:24:49.390,37439,21278,1
678124,2023-07-24T09:32:09.760,47177,21568,1
682388,2023-07-27T03:30:12.163,47177,47000,1
683320,2023-08-21T10:01:19.070,47349,44494,1
95994,2013-10-09T07:36:56.257,4661,4079,1
100731,2013-11-28T12:33:36.933,4661,4079,3
342678,2018-03-27T22:57:10.690,27383,2176,1
367041,2018-05-02T18:13:12.150,27850,26755,1
367040,2018-05-02T18:13:12.150,27850,27210,1
367039,2018-05-02T18:13:12.150,27850,27725,1
453651,2019-06-28T10:07:50.447,31809,26422,1
479760,2019-10-13T17:58:19.627,33801,7184,1
479504,2019-10-11T18:46:40.773,33801,19065,1
12340,2011-10-03T23:47:01.840,682,663,1
152482,2015-03-16T21:20:50.650,11757,2555,1
205889,2016-03-17T20:58:56.270,11757,2555,3
218243,2016-07-03T16:33:17.597,19025,8934,1
504001,2020-04-07T21:08:49.117,35710,34243,1
513497,2020-05-28T09:10:06.753,36337,28047,1
179063,2015-09-05T19:14:23.813,14305,9674,1
317364,2018-01-11T15:53:59.373,26862,13264,1
574797,2021-06-16T14:04:16.527,40273,1723,1
574804,2021-06-16T15:20:39.647,40273,1723,3
610786,2022-04-10T00:22:29.733,44260,29043,1
102835,2013-12-24T11:17:58.443,6241,1240,3
128381,2014-09-07T13:10:46.967,8946,4262,1
128380,2014-09-07T13:10:46.967,8946,8584,1
210893,2016-04-29T07:41:40.483,14356,12777,1
374684,2018-05-22T00:56:36.333,27979,3640,1
438908,2019-05-01T02:47:02.763,31225,31113,1
514594,2020-06-05T21:21:52.477,36400,36344,1
153526,2015-04-05T23:13:39.673,11949,11953,1
244857,2017-02-16T10:45:28.923,21146,6275,1
260678,2017-06-25T21:23:27.173,23267,23252,1
114377,2014-05-26T12:07:58.700,7229,893,1
271490,2017-09-03T08:16:18.053,19131,19134,1
331855,2018-03-18T17:27:08.620,27446,19214,1
39636,2012-05-03T09:55:38.200,1870,865,1
39655,2012-05-03T11:08:15.067,1870,1277,1
248061,2017-03-21T16:31:12.050,21444,12777,1
427184,2019-02-23T07:09:37.783,30641,30621,1
95741,2013-10-06T23:58:48.730,4625,2643,1
100730,2013-11-28T12:31:01.357,4625,2643,3
440474,2019-05-13T16:29:58.463,31423,7029,1
440439,2019-05-13T10:15:23.837,31423,9678,1
440470,2019-05-13T16:26:15.303,31423,30896,1
390104,2018-08-02T08:31:48.387,20039,1360,1
390103,2018-08-02T08:31:48.387,20039,28352,1
390105,2018-08-02T08:31:48.387,20039,28529,1
389239,2018-07-28T12:15:44.937,28529,1360,1
389238,2018-07-28T12:15:44.937,28529,20039,1
389237,2018-07-28T12:15:44.937,28529,28352,1
92688,2013-08-22T11:30:25.860,3915,3324,1
536908,2020-12-03T00:41:52.273,37729,26586,1
559006,2021-02-24T13:56:11.633,38393,8853,1
179426,2015-09-12T15:18:42.073,14351,1960,1
299669,2017-11-19T23:38:09.760,26422,4847,1
299668,2017-11-19T23:37:06.580,26422,4864,1
472667,2019-09-14T19:45:00.843,33507,32423,1
475540,2019-09-22T13:16:10.390,33584,6352,1
482607,2019-11-11T15:58:58.533,34171,4623,1
569534,2021-05-29T23:27:18.680,39157,39131,1
654059,2023-03-16T00:12:51.517,46319,28973,1
468904,2019-08-27T15:25:42.167,32279,32076,1
584352,2021-09-18T15:23:41.623,42976,12777,1
584351,2021-09-18T15:23:41.623,42976,40356,1
632973,2022-11-22T15:25:50.913,45601,35404,1
633013,2022-11-23T17:16:26.093,45601,35404,3
483781,2019-11-16T11:19:51.090,34217,1424,1
483782,2019-11-16T11:20:15.153,34217,33826,1
483790,2019-11-16T12:16:43.307,34217,1424,3
524459,2020-08-01T00:32:33.237,36873,22947,1
528935,2020-09-08T02:17:14.570,37119,4585,1
538900,2021-01-28T07:40:46.567,38201,9176,1
25801,2011-12-14T13:52:45.410,1144,180,1
25785,2011-12-13T13:06:07.423,1144,905,1
25828,2011-12-14T14:01:02.977,1144,1149,1
64629,2012-12-28T13:36:05.683,2226,3006,1
289149,2017-10-14T06:15:19.490,26153,3004,1
522956,2020-07-29T21:38:38.463,36850,31755,1
213283,2016-06-02T21:27:34.300,17686,17685,1
442954,2019-05-19T20:54:55.430,31500,15713,1
132100,2014-10-16T05:00:50.587,9219,6068,1
103817,2014-01-06T20:23:20.580,6325,4750,1
414932,2018-12-22T06:19:19.007,29972,29973,1
688511,2023-10-13T16:22:21.433,41625,34865,1
584307,2021-09-17T13:43:12.877,42953,2148,1
633054,2022-11-24T10:28:51.743,45609,17324,1
640749,2022-11-28T09:34:49.813,45609,36435,1
633079,2022-11-24T16:39:55.060,45609,45440,1
665530,2023-05-17T11:44:56.870,46703,914,1
665531,2023-05-17T11:44:56.870,46703,1397,1
111676,2014-04-17T02:06:24.690,6966,2148,1
269609,2017-08-15T22:30:28.790,25704,1144,1
269608,2017-08-15T22:30:28.790,25704,17751,1
269607,2017-08-15T22:30:28.790,25704,25679,1
92434,2013-08-17T07:55:00.617,4207,2587,1
110883,2014-04-03T21:51:38.650,6863,6886,1
110882,2014-04-03T21:51:38.650,6863,6887,1
86043,2013-04-12T01:56:33.910,3520,3397,1
98094,2013-11-06T07:02:49.767,3520,4856,1
422063,2019-01-27T20:18:16.220,30318,30338,1
584298,2021-09-17T12:03:21.847,42964,42953,1
218551,2016-07-08T07:01:22.933,19060,17019,1
246081,2017-02-27T05:15:31.943,21221,2673,1
424754,2019-02-07T11:35:27.797,30467,20971,1
596743,2022-02-24T18:43:51.380,43943,43937,1
525619,2020-08-16T19:51:08.593,368,3850,1
186674,2015-10-17T21:03:50.217,14692,6875,1
252995,2017-04-21T04:08:09.020,22684,6982,1
395854,2018-09-06T11:32:07.467,28921,3514,1
404152,2018-10-17T18:59:02.587,29419,381,1
36670,2012-04-03T19:14:46.333,1742,1494,1
50006,2012-08-10T10:45:26.090,2406,949,1
394922,2018-08-29T15:26:10.677,28801,20459,1
651751,2023-02-19T20:53:19.100,46139,35987,1
651620,2023-02-18T00:33:45.410,46139,35987,3
7896,2011-09-23T17:13:42.737,460,320,1
10883,2011-09-30T22:09:05.280,626,76,1
10557,2011-09-30T10:14:11.057,626,392,1
231102,2016-10-16T15:03:07.190,19936,19998,1
494368,2020-02-04T11:30:59.430,35084,20777,1
166702,2015-07-11T03:49:28.293,12797,3369,1
439199,2019-05-03T21:40:31.793,31320,26758,1
602,2011-09-14T08:09:10.357,85,16,1
144945,2015-02-06T16:11:52.580,11323,342,1
161525,2015-06-03T04:14:48.623,12505,12065,1
161524,2015-06-03T04:14:48.623,12505,12335,1
239746,2016-12-31T20:25:28.057,20669,568,1
240690,2017-01-13T08:17:25.190,20792,17306,1
79475,2013-02-23T19:58:30.533,3208,3238,1
596036,2022-02-04T17:08:43.970,43832,3034,1
236019,2016-12-01T20:01:41.303,20365,3420,1
397975,2018-09-19T01:44:14.840,29070,29059,1
29316,2012-01-26T15:35:43.063,1336,824,1
240740,2017-01-13T16:31:21.493,19973,763,1
261048,2017-06-29T16:24:54.500,23305,23263,1
653745,2023-03-09T20:13:44.630,46276,4834,1
298677,2017-11-05T18:26:39.490,8712,8736,1
246471,2017-03-03T23:07:05.333,21241,2829,1
413999,2018-12-17T14:08:45.020,29946,20919,1
513686,2020-05-29T16:49:20.870,36352,362,1
584364,2021-09-18T16:17:45.213,42979,42956,1
34136,2012-03-14T07:05:05.793,1628,836,1
205619,2016-03-14T15:43:49.407,17019,15527,1
379098,2018-06-06T08:03:51.807,28088,26364,1
212724,2016-05-26T08:27:22.207,17660,8847,1
416058,2019-01-01T17:22:33.373,30103,3244,1
490577,2020-01-13T06:07:21.427,32267,5979,1
383967,2018-07-12T13:11:23.780,28380,28102,1
470242,2019-09-10T16:05:27.200,32459,2124,1
470241,2019-09-10T16:04:33.567,32459,19015,1
475035,2019-09-20T10:49:33.763,32459,2124,3
569506,2021-05-29T06:55:47.530,39149,180,1
682853,2023-08-08T11:22:59.707,47264,9976,1
53045,2012-09-07T12:28:21.920,2538,1144,1
253997,2017-05-02T11:10:04.907,22767,2148,1
356007,2018-04-12T13:03:48.580,27676,2071,1
484357,2019-11-21T14:35:13.683,34245,34254,1
642554,2023-01-10T13:35:27.337,45913,45906,1
59370,2012-11-01T16:56:13.207,2229,911,1
147782,2015-02-12T03:49:35.923,11383,6519,1
237944,2016-12-16T15:00:07.437,20537,20520,1
427813,2019-02-27T11:20:26.280,30687,20960,1
430116,2019-03-16T17:55:28.550,30902,30901,1
454502,2019-07-10T16:27:02.127,31898,9315,1
454495,2019-07-10T16:19:01.920,31898,13027,1
454504,2019-07-10T16:58:12.187,31898,25512,1
105625,2014-01-27T15:26:40.720,6497,1074,1
451063,2019-06-10T11:05:22.790,31706,27437,1
467062,2019-08-12T10:00:58.167,32136,19695,1
467061,2019-08-12T10:00:58.167,32136,21354,1
598093,2022-03-20T12:18:52.310,44109,439,1
598094,2022-03-20T14:34:19.340,44109,439,3
161033,2015-05-24T03:00:08.423,12425,12110,1
245101,2017-02-18T13:30:36.643,21155,17271,1
245100,2017-02-18T13:30:36.643,21155,20262,1
482477,2019-11-10T14:30:35.850,34151,3783,1
482003,2019-11-08T16:20:29.750,34151,33673,1
49252,2012-08-06T03:21:53.447,2369,663,1
49251,2012-08-06T03:21:53.447,2369,682,1
111471,2014-04-14T10:18:09.800,6952,6826,1
47087,2012-07-15T02:10:25.987,2252,2249,1
238737,2016-12-21T14:44:37.770,2252,12777,1
130999,2014-10-09T11:22:32.343,9159,8730,1
309408,2017-11-26T16:51:49.560,26471,26472,1
476285,2019-09-26T12:49:45.130,33627,370,1
476368,2019-09-26T22:13:27.710,33627,370,3
570731,2021-06-04T19:31:28.873,40196,37847,1
61608,2012-11-21T23:38:24.440,2876,1057,1
194816,2015-12-11T06:15:56.783,15267,15123,1
220427,2016-08-02T07:17:45.683,19263,1642,1
617350,2022-06-29T15:52:19.570,44733,378,1
27976,2012-01-12T22:31:05.870,1264,1220,1
179660,2015-09-17T13:58:59.293,14377,2565,1
179663,2015-09-17T17:38:01.093,14377,6571,1
216276,2016-06-15T16:14:09.070,18871,2593,1
383812,2018-07-10T08:47:16.340,28357,14438,1
383815,2018-07-10T09:19:06.113,28357,14438,3
229620,2016-10-06T11:04:23.427,19890,15148,1
236072,2016-12-02T06:25:13.277,20391,3502,1
298676,2017-11-05T18:26:03.287,26296,8736,1
298678,2017-11-05T18:27:40.233,26296,9502,1
298699,2017-11-06T01:15:14.810,26296,21102,1
516899,2020-06-26T07:29:47.353,36621,3006,1
95361,2013-10-01T07:08:31.330,4593,4596,1
247808,2017-03-18T21:49:01.987,21376,15674,1
218248,2016-07-03T18:18:21.997,19011,788,1
218100,2016-07-01T21:24:46.360,19011,18822,1
610589,2022-04-06T14:29:27.620,44238,5,1
610590,2022-04-06T14:29:27.620,44238,34138,1
246924,2017-03-10T00:24:56.063,21324,57,1
246925,2017-03-10T00:24:56.063,21324,105,1
25943,2011-12-15T07:27:24.803,1158,1149,1
592677,2021-12-27T23:10:25.650,11978,11688,1
240270,2017-01-08T20:38:42.737,20729,14314,1
248307,2017-03-25T21:47:00.950,21470,810,1
248358,2017-03-26T13:26:44.847,21470,810,3
525618,2020-08-12T21:56:33.187,36959,36916,1
14623,2011-10-10T22:22:27.920,763,538,1
56660,2012-10-05T10:56:11.687,2386,2645,1
102207,2013-12-17T11:32:55.610,6173,1960,1
132541,2014-10-20T14:01:17.103,9222,179,1
212045,2016-05-15T04:51:14.700,17534,12011,1
212103,2016-05-15T17:20:36.527,17534,12011,3
435361,2019-04-15T12:06:23.110,31157,28839,1
435413,2019-04-15T18:42:23.750,31157,28839,3
456987,2019-07-22T12:02:04.160,31944,9049,1
528788,2020-09-07T02:18:20.307,37108,315,1
230327,2016-10-12T03:00:34.720,19933,19040,1
230568,2016-10-13T13:39:33.243,19933,19040,3
484194,2019-11-20T05:03:36.713,34257,34256,1
569576,2021-05-31T10:33:29.787,39166,30401,1
112660,2014-05-02T02:46:49.620,7055,315,1
127896,2014-08-31T08:18:23.163,8881,6914,1
254785,2017-05-11T13:39:20.597,11586,3484,1
432939,2019-04-02T06:47:39.557,31031,15336,1
248485,2017-03-27T10:25:51.653,21473,20925,1
50682,2012-08-17T00:07:51.967,2429,857,1
144103,2015-01-16T08:00:32.807,11085,105,1
398290,2018-09-20T16:21:05.080,29110,29104,1
616567,2022-06-07T02:29:17.503,44599,32155,1
26442,2011-12-20T19:30:54.230,1170,1163,1
210019,2016-04-22T18:56:13.367,17400,3006,1
271715,2017-09-08T15:37:19.030,25884,6878,1
207310,2016-04-04T14:17:12.123,17251,6737,1
331094,2018-03-09T12:15:00.600,27350,19573,1
330981,2018-03-07T18:21:49.570,27350,27120,1
507006,2020-04-30T05:37:18.180,35994,35341,1
37036,2012-04-06T11:09:03.243,1762,1007,1
47293,2012-07-16T21:53:59.747,2260,2149,1
83384,2013-03-16T23:13:14.067,3385,2604,1
107753,2014-02-14T08:14:48.200,6600,1831,1
239987,2017-01-04T13:32:06.443,20697,19214,1
240022,2017-01-04T21:23:23.140,20697,19214,3
368968,2018-05-16T11:57:24.697,27244,17179,1
343657,2018-03-29T10:32:25.723,27244,17358,1
482844,2019-11-13T22:41:13.580,34191,33975,1
612644,2022-05-30T09:32:17.733,44556,44258,1
632494,2022-11-16T09:41:56.210,45552,29660,1
396245,2018-09-10T04:51:08.460,28973,3912,1
396242,2018-09-10T04:47:15.090,28973,4834,1
396244,2018-09-10T04:51:08.460,28973,17751,1
396243,2018-09-10T04:48:26.183,28973,25679,1
683448,2023-08-23T19:39:07.993,47367,15150,1
86368,2013-04-22T10:19:50.410,3597,3027,1
96118,2013-10-09T18:36:14.807,4679,2832,1
192283,2015-11-20T16:26:40.613,15044,14475,1
234343,2016-11-23T18:53:14.610,20262,17271,1
11210,2011-10-01T18:25:22.007,637,459,1
11209,2011-10-01T18:25:22.007,637,635,1
26282,2011-12-17T17:23:07.127,1178,562,1
26281,2011-12-17T16:03:49.573,1178,1069,1
88827,2013-06-10T08:19:45.667,3840,212,1
536500,2020-11-19T09:05:41.857,7184,33801,1
140833,2014-12-16T01:24:12.657,9834,1960,1
331757,2018-03-16T19:38:59.137,25621,810,1
414407,2018-12-19T10:59:13.897,29949,11090,1
197290,2015-12-30T14:59:38.577,15393,13144,1
400060,2018-09-26T11:28:19.890,29216,11648,1
404851,2018-10-21T06:26:31.317,29459,4623,1
592615,2021-12-25T19:12:47.783,43623,43548,1
160068,2015-05-08T01:33:23.943,12296,1529,1
258233,2017-06-07T03:58:29.153,23116,6670,1
258256,2017-06-07T08:30:09.183,23116,6670,3
507755,2020-05-06T18:53:22.187,36100,36098,1
693607,2023-12-12T21:08:55.150,48002,30888,1
693614,2023-12-13T02:33:06.713,48002,30888,3
7645,2011-09-23T12:55:56.393,451,379,1
212898,2016-05-28T11:30:40.543,17692,2571,1
213303,2016-06-03T08:55:09.227,17692,2571,3
663469,2023-04-21T10:17:37.953,46482,46488,1
141362,2014-12-22T13:20:16.540,9889,3309,1
497183,2020-03-02T08:32:13.283,35359,17596,1
285396,2017-10-10T12:43:25.090,26136,21444,1
286911,2017-10-11T00:37:36.437,26136,22816,1
316735,2018-01-02T06:04:02.040,26800,8515,1
435011,2019-04-13T10:54:21.690,31137,31117,1
505007,2020-04-14T08:04:30.380,35785,35774,1
583748,2021-09-04T10:27:29.080,41788,42857,1
623451,2022-09-02T14:55:46.300,45108,44982,1
222612,2016-08-08T12:38:24.310,1138,12777,1
92619,2013-08-21T09:25:14.020,4224,2440,1
215178,2016-06-07T03:31:49.027,18782,15684,1
451131,2019-06-10T17:48:15.383,12353,574,1
237718,2016-12-15T01:06:34.867,20517,2199,1
320497,2018-01-27T17:15:11.877,27015,956,1
359966,2018-04-17T10:23:09.873,27679,27738,1
440003,2019-05-09T13:23:31.893,27679,29752,1
582747,2021-08-09T08:12:10.597,41665,40533,1
584467,2021-09-21T14:12:51.070,42993,9820,1
298919,2017-11-09T06:51:25.913,26328,19422,1
418527,2019-01-17T14:47:09.173,30281,29471,1
94439,2013-09-18T19:14:35.557,4416,39,1
317536,2018-01-14T22:53:20.517,26892,2137,1
111804,2014-04-18T13:32:29.247,6972,1913,1
111805,2014-04-18T13:32:29.247,6972,1994,1
470111,2019-09-09T08:07:00.363,6972,6670,1
234535,2016-11-26T13:07:34.203,20325,20322,1
408315,2018-11-19T17:28:54.960,29694,27666,1
584790,2021-10-02T18:52:56.220,43047,2812,1
584791,2021-10-02T18:52:56.220,43047,35475,1
104159,2014-01-10T06:16:39.987,6362,2877,1
104179,2014-01-10T14:29:00.453,6362,2877,3
110645,2014-03-31T02:35:15.543,6872,3420,1
201537,2016-02-13T04:51:06.753,15765,7122,1
192490,2015-11-24T02:41:29.517,15078,557,1
192539,2015-11-24T10:29:39.617,15078,9515,1
217102,2016-06-22T15:18:58.617,18920,17335,1
217183,2016-06-23T12:55:29.827,18920,17335,3
394359,2018-08-26T00:16:24.780,28738,28720,1
528,2011-09-14T06:17:48.490,79,67,1
136285,2014-11-20T13:52:26.050,9574,4425,1
242742,2017-01-30T23:36:29.120,20981,9928,1
403402,2018-10-12T14:59:31.487,29379,2826,1
480007,2019-10-15T18:24:55.883,33870,29059,1
200654,2016-02-05T09:50:32.463,15708,15710,1
449254,2019-06-03T09:25:16.750,31655,25997,1
487424,2019-12-12T16:49:43.503,34557,33912,1
487472,2019-12-13T00:33:47.273,34557,33912,3
425893,2019-02-14T07:49:52.550,26677,30538,1
374905,2018-05-23T15:36:20.623,28005,27666,1
484118,2019-11-19T16:26:47.283,34254,34245,1
525542,2020-08-07T21:59:07.393,36910,36906,1
676191,2023-06-11T07:17:44.277,46900,788,1
676192,2023-06-11T07:17:44.277,46900,31339,1
55102,2012-09-20T23:43:00.820,520,342,1
134748,2014-11-10T16:46:23.843,9471,4161,1
153477,2015-04-05T09:48:03.263,10012,11693,1
512521,2020-05-21T22:21:15.870,36269,865,1
631312,2022-10-26T16:22:19.357,45423,45419,1
470110,2019-09-09T08:06:27.773,1994,6670,1
525629,2020-08-27T23:05:32.643,37059,36049,1
239264,2016-12-27T09:11:21.477,8526,17175,1
475884,2019-09-24T15:23:24.100,33498,33615,1
299184,2017-11-11T18:42:29.590,26359,19180,1
31028,2012-02-14T23:39:54.730,1410,1430,1
234805,2016-11-29T21:18:22.800,4235,2710,1
92779,2013-08-23T14:28:16.913,4235,2757,1
979,2011-09-14T12:14:35.767,105,57,1
232598,2016-10-29T21:26:34.867,20102,11729,1
236793,2016-12-07T11:48:58.540,20428,294,1
236792,2016-12-07T11:47:03.740,20428,3667,1
264035,2017-07-16T13:54:22.870,24436,22629,1
472222,2019-09-12T06:23:22.560,33478,3068,1
629996,2022-10-02T05:05:35.803,45257,212,1
693464,2023-12-06T18:54:56.627,47968,22906,1
369227,2018-05-18T12:14:30.737,27974,3442,1
630749,2022-10-18T15:46:44.663,45357,36214,1
240347,2017-01-09T14:05:43.597,20743,2229,1
240346,2017-01-09T14:05:43.597,20743,2451,1
240348,2017-01-09T14:05:43.597,20743,8373,1
425724,2019-02-12T19:15:55.250,30530,12391,1
425723,2019-02-12T19:15:55.250,30530,20428,1
425722,2019-02-12T19:15:55.250,30530,21405,1
85246,2013-03-28T16:07:16.910,3445,1098,1
101729,2013-12-12T06:59:25.293,4619,3514,1
237971,2016-12-16T18:11:02.337,20520,6675,1
331653,2018-03-14T19:37:30.240,27433,3484,1
331717,2018-03-15T19:55:27.940,27433,3484,3
522525,2020-07-27T15:57:04.980,36836,34238,1
641602,2022-12-13T11:32:29.250,45741,4294,1
383848,2018-07-10T21:45:59.083,385,127,1
54725,2012-09-16T23:33:41.753,385,460,1
31027,2012-02-14T23:39:16.153,1430,1410,1
415092,2018-12-23T21:59:11.860,2555,29977,1
592893,2022-01-03T14:55:20.750,43677,2395,1
481327,2019-10-30T20:49:28.170,34039,26311,3
118284,2014-06-12T12:41:18.430,8357,1873,1
167569,2015-07-30T16:51:28.347,12940,836,1
405463,2018-10-25T20:52:08.633,29505,24400,1
611742,2022-05-04T08:36:19.200,44410,28464,1
260084,2017-06-19T23:26:58.880,981,15334,1
52321,2012-09-02T20:24:23.197,2512,2504,1
220073,2016-07-27T08:37:59.070,2512,3652,1
160520,2015-05-14T05:32:33.853,12342,11673,1
160568,2015-05-14T15:46:57.067,12342,11673,3
215286,2016-06-07T23:00:15.823,18785,370,3
558597,2021-02-13T16:24:42.250,38310,810,1
559276,2021-03-02T21:00:20.850,38310,810,3
650566,2023-01-29T15:12:03.307,46033,20667,1
155777,2015-04-15T03:33:23.310,12050,12020,1
173426,2015-08-17T21:18:08.617,13132,2565,1
394676,2018-08-28T04:46:38.977,28772,12662,1
489411,2020-01-04T20:02:50.680,34772,11293,1
534218,2020-10-29T12:44:25.417,37477,29911,1
534219,2020-10-29T13:56:49.313,37477,29911,3
22665,2011-11-06T19:13:26.010,878,877,1
97437,2013-10-26T22:23:44.360,4791,865,1
208441,2016-04-09T11:40:05.657,17194,9995,1
97090,2013-10-22T14:27:48.860,4768,4623,1
97086,2013-10-22T14:20:11.590,4768,4682,1
167431,2015-07-28T13:43:57.710,12926,11890,3
233676,2016-11-14T23:54:40.517,20205,16877,1
278678,2017-09-29T09:08:01.330,26039,11302,1
331117,2018-03-10T04:58:35.990,27367,14417,1
331275,2018-03-11T13:38:07.800,27367,14417,3
403002,2018-10-10T10:59:14.627,29359,26524,1
403001,2018-10-10T10:51:56.450,29359,29251,1
196282,2015-12-22T03:23:26.470,15227,15354,1
224919,2016-08-26T17:14:05.713,19472,17004,1
415919,2018-12-31T05:25:50.133,30046,2055,1
45540,2012-06-29T14:24:46.843,2183,405,1
198590,2016-01-16T21:13:56.133,15536,14419,1
198565,2016-01-16T19:31:55.850,15536,14431,1
378467,2018-06-02T17:46:01.810,28077,3252,1
378468,2018-06-02T17:56:44.373,28077,5875,1
86747,2013-05-01T13:54:19.990,3626,1780,3
574727,2021-06-15T10:31:46.730,40242,13192,1
271311,2017-09-01T10:22:15.927,25830,13192,1
347865,2018-04-04T02:17:49.720,27607,2992,1
591766,2021-12-02T10:38:02.803,43468,37312,1
591770,2021-12-02T20:44:18.403,43468,37312,3
689098,2023-10-28T08:53:48.240,47765,635,1
119763,2014-07-01T14:51:13.970,8495,4805,1
119762,2014-07-01T14:51:13.970,8495,8493,1
318902,2018-01-23T06:55:53.070,26325,1280,1
582621,2021-08-04T13:14:58.830,41645,33489,1
520443,2020-07-15T12:33:35.603,36753,24399,1
299447,2017-11-16T15:04:01.757,26379,15150,1
309530,2017-11-26T21:06:22.450,26379,15150,3
383345,2018-07-03T15:33:38.907,28300,9101,1
575212,2021-06-26T17:38:38.133,37949,40364,1
641984,2022-12-23T16:30:39.763,1937,33912,1
233843,2016-11-16T16:21:25.670,20245,19957,1
516246,2020-06-20T12:23:22.333,36561,2290,1
516245,2020-06-20T12:23:22.333,36561,2386,1
516244,2020-06-20T12:23:22.333,36561,2645,1
99719,2013-11-15T10:41:50.897,5873,3783,1
113775,2014-05-18T05:50:47.743,7201,179,1
113776,2014-05-18T05:50:47.743,7201,1104,1
341770,2018-03-26T19:38:14.067,27513,27527,1
507342,2020-05-03T03:28:55.633,32339,17232,1
469877,2019-09-06T15:50:37.557,32339,26189,1
44617,2012-06-19T14:27:54.707,2137,2138,1
97499,2013-10-28T02:57:29.353,4799,1960,1
97492,2013-10-28T01:19:40.540,4799,2673,1
192763,2015-11-27T05:02:04.113,15121,4033,1
506931,2020-04-29T09:50:49.340,35980,180,1
507595,2020-05-05T17:49:02.253,35980,180,3
12366,2011-10-03T23:47:28.620,663,682,1
218536,2016-07-07T17:41:05.400,19057,3006,1
362216,2018-04-21T17:29:37.493,27716,449,1
362215,2018-04-21T17:28:54.387,27716,555,1
583772,2021-09-04T22:41:29.653,42864,26126,1
698867,2024-02-21T03:42:47.600,48369,19596,1
88313,2013-05-31T15:38:11.670,3783,2269,1
31939,2012-02-26T17:42:52.623,557,1476,1
204279,2016-02-27T02:54:48.830,16873,2615,1
432102,2019-03-27T10:12:41.967,19080,25830,1
399148,2018-09-22T19:19:59.480,29136,11128,1
120061,2014-07-03T02:49:09.073,8503,6718,1
385520,2018-07-18T22:02:23.417,28446,9995,1
385562,2018-07-19T10:05:19.287,28446,9995,3
399670,2018-09-24T19:57:01.530,29159,28874,1
509423,2020-05-12T19:40:16.860,36180,31755,1
575857,2021-07-17T17:48:29.780,40520,40305,1
1230,2011-09-14T17:25:45.300,39,85,1
28604,2012-01-19T04:33:13.510,1290,1,1
32483,2012-03-02T03:21:21.823,1533,1515,1
41672,2012-05-21T17:10:06.880,1960,369,1
120457,2014-07-05T14:19:28.580,8523,8467,1
114048,2014-05-22T00:03:00.497,16,85,1
14122,2011-10-08T15:37:14.370,16,746,1
514874,2020-06-08T04:14:55.313,36435,32382,1
569482,2021-05-28T19:32:02.543,39140,39066,1
414300,2018-12-18T17:06:57.807,29963,23039,1
414278,2018-12-18T16:30:58.643,29963,25522,1
642799,2023-01-16T13:09:00.497,45950,20350,1
96987,2013-10-21T08:53:17.030,4759,1669,1
629828,2022-09-29T13:32:27.723,31268,14830,1
629827,2022-09-29T13:32:27.723,31268,34052,1
34065,2012-03-13T19:35:24.117,1619,1625,1
205840,2016-03-17T05:31:27.260,17022,17034,1
315339,2017-12-18T17:18:38.130,26697,26685,1
356995,2018-04-13T11:50:03.227,27693,14438,1
357002,2018-04-13T12:10:02.343,27693,14438,3
622907,2022-08-16T03:18:36.723,45005,19095,1
50198,2012-08-13T20:40:39.907,2415,1634,1
413886,2018-12-16T21:31:45.143,29222,20757,1
525626,2020-08-26T16:00:26.843,34961,37047,1
418551,2019-01-17T23:50:21.830,6339,30279,1
213034,2016-05-30T21:39:13.107,17712,246,1
436618,2019-04-22T21:34:26.103,31237,25518,1
436617,2019-04-22T21:32:56.717,31237,9990,3
592914,2022-01-03T21:21:12.550,43680,931,1
212230,2016-05-18T08:14:42.100,17606,3636,1
320213,2018-01-26T00:54:07.520,27003,2054,1
472463,2019-09-13T15:50:03.840,33495,17175,1
664705,2023-05-05T08:39:26.500,46628,45002,1
664772,2023-05-06T03:20:23.760,46628,45002,3
481897,2019-11-07T03:29:51.593,34134,33619,1
623921,2022-09-23T04:05:28.933,45197,35687,1
121102,2014-07-11T06:45:59.643,8558,212,1
130386,2014-09-29T01:53:44.687,9099,2742,1
236877,2016-12-07T23:10:00.050,20460,20406,1
398342,2018-09-20T21:21:45.297,29116,28287,1
428151,2019-03-02T17:10:24.780,30739,26830,1
610840,2022-04-10T20:00:22.193,44264,301,1
610839,2022-04-10T19:59:10.187,44264,15547,1
610996,2022-04-13T14:44:19.333,44264,15547,3
662778,2023-04-08T14:09:39.013,46428,38611,1
22523,2011-11-05T15:21:36.170,641,639,1
155776,2015-04-15T02:19:44.450,12048,9678,1
226080,2016-09-08T07:31:13.917,19613,180,1
226110,2016-09-08T12:15:19.450,19613,19158,1
226415,2016-09-12T18:17:15.153,19613,180,3
506514,2020-04-26T01:23:55.813,35929,34498,1
28320,2012-01-15T16:22:49.940,1282,1283,1
79807,2013-02-25T16:18:42.153,3274,2889,1
197822,2016-01-05T15:17:24.483,15391,3068,1
271661,2017-09-05T14:48:42.850,25873,21354,1
397778,2018-09-17T23:06:54.963,29051,15123,1
475317,2019-09-21T09:49:32.777,32371,33574,1
487922,2019-12-17T11:54:55.563,34578,11128,1
219471,2016-07-19T20:17:41.257,19164,19049,1
477796,2019-10-03T02:05:05.153,33722,23269,1
487410,2019-12-12T13:58:30.907,34555,20459,1
487400,2019-12-12T13:01:24.010,34555,34530,1
612032,2022-05-10T19:16:46.287,44465,739,1
694032,2023-12-26T04:01:21.270,48069,30001,1
589394,2021-11-30T07:41:32.020,21033,37365,1
405748,2018-10-27T22:17:13.313,29523,865,1
435369,2019-04-15T12:45:42.787,31166,11444,1
212697,2016-05-26T05:27:14.660,17667,17666,1
239936,2017-01-03T21:48:05.153,20323,786,1
475004,2019-09-20T04:44:10.883,33553,17243,1
475027,2019-09-20T09:30:28.720,33553,17243,3
212515,2016-05-23T10:44:22.720,17644,17400,1
218771,2016-07-11T03:34:06.660,19095,3068,1
434956,2019-04-13T02:03:20.413,29005,26918,1
400051,2018-09-26T10:27:57.710,29128,2786,1
407835,2018-11-15T13:58:26.447,29669,3344,1
13645,2011-10-06T17:43:32.607,718,369,1
205714,2016-03-16T01:07:47.310,17034,17022,1
205948,2016-03-18T18:38:26.290,17034,17022,3
233551,2016-11-12T23:31:48.163,20200,1001,1
251982,2017-04-13T17:35:11.777,22607,280,1
251981,2017-04-13T17:34:23.347,22607,763,1
251979,2017-04-13T17:31:10.843,22607,2099,1
251980,2017-04-13T17:31:10.843,22607,19276,1
278234,2017-09-27T21:12:24.617,26034,11231,1
631319,2022-10-26T17:21:45.437,45421,17175,1
430420,2019-03-18T15:39:15.150,30920,30919,1
459540,2019-07-31T06:38:23.403,32045,19263,1
488853,2019-12-28T02:42:48.820,34701,9928,1
531014,2020-09-19T05:17:25.503,37203,6321,1
650857,2023-02-03T17:10:34.067,46062,4496,1
650858,2023-02-03T17:18:33.180,46062,27634,1
134403,2014-11-05T23:59:16.533,9423,8562,1
167938,2015-08-05T15:36:46.347,13004,12999,1
255007,2017-05-13T14:58:27.287,22902,1502,1
255008,2017-05-13T14:58:27.287,22902,6150,1
255009,2017-05-13T14:58:27.287,22902,21282,1
255010,2017-05-13T14:58:27.287,22902,22892,1
568616,2021-05-03T10:50:23.220,38969,37697,1
568615,2021-05-03T10:50:23.220,38969,38959,1
402499,2018-10-08T03:27:04.047,29331,29039,1
654012,2023-03-14T15:29:01.563,46311,865,1
411515,2018-12-07T09:11:55.803,11879,14449,1
224719,2016-08-24T17:10:01.133,19456,2226,1
224720,2016-08-24T17:10:01.133,19456,17409,1
467813,2019-08-17T14:55:58.570,32191,32174,1
472687,2019-09-14T22:36:34.770,33519,11578,1
622307,2022-07-31T22:16:11.777,44926,9428,1
361084,2018-04-19T05:22:06.523,4694,27040,1
363876,2018-04-24T12:26:35.880,4694,27040,3
476597,2019-09-28T05:35:59.387,33668,33566,1
513200,2020-05-27T01:38:10.787,36324,34824,1
517464,2020-07-02T16:15:34.880,36662,35005,1
3912,2011-09-18T15:31:22.473,269,160,1
207237,2016-04-04T01:02:37.487,17237,4596,1
211583,2016-05-07T16:31:50.817,17237,17271,1
37173,2012-04-08T00:57:22.317,1746,1760,1
682321,2023-07-25T20:29:03.853,47190,180,1
682322,2023-07-25T20:29:03.853,47190,12335,1
682323,2023-07-25T20:29:03.853,47190,14780,1
682324,2023-07-25T20:29:03.853,47190,19158,1
682325,2023-07-25T20:29:03.853,47190,19613,1
682326,2023-07-25T20:29:03.853,47190,28881,1
693444,2023-12-06T11:55:00.447,47977,45797,1
467877,2019-08-18T01:03:29.203,32194,17711,1
335326,2018-03-23T14:50:34.090,1079,1077,1
653800,2023-03-10T18:51:48.690,17229,43937,1
131184,2014-10-11T10:55:59.600,9165,6003,1
131919,2014-10-14T03:12:07.630,9165,6826,1
247704,2017-03-17T17:47:27.353,21402,1340,1
299576,2017-11-18T03:49:25.247,26406,342,1
299591,2017-11-18T11:19:20.313,26406,15238,1
445166,2019-05-20T04:09:01.480,31481,31490,1
412330,2018-12-13T07:49:23.447,1789,20184,1
233679,2016-11-15T00:55:49.847,20220,3006,1
233680,2016-11-15T00:55:49.847,20220,17400,1
260727,2017-06-26T10:26:24.777,23274,20196,1
240319,2017-01-09T11:40:53.087,20741,3027,1
531059,2020-09-19T10:21:18.753,37146,36118,1
12113,2011-10-03T08:38:10.220,552,377,1
166678,2015-07-10T04:48:46.023,12789,213,1
559626,2021-03-11T16:12:10.580,38520,31980,1
418141,2019-01-15T17:33:44.467,30256,3006,1
418143,2019-01-15T17:42:40.943,30256,17400,1
418342,2019-01-16T14:42:51.757,30256,17400,3
263301,2017-07-11T12:23:09.530,24399,23015,1
517104,2020-06-28T08:19:23.430,36636,15121,1
533749,2020-10-16T09:34:26.313,37383,36943,1
533756,2020-10-16T18:43:11.407,37383,36943,3
142148,2014-12-30T21:04:24.950,9941,2136,1
166011,2015-07-02T14:51:56.333,12732,1370,1
166012,2015-07-02T14:51:56.333,12732,2992,1
693208,2023-11-30T15:43:03.443,47946,47949,1
270686,2017-08-25T12:45:45.617,13130,14314,1
270785,2017-08-25T19:22:07.783,13130,14314,3
299209,2017-11-12T12:50:41.700,26357,6995,1
314700,2017-12-14T19:50:25.183,26606,26372,1
9001,2011-09-26T18:30:13.223,538,536,1
145000,2015-02-08T20:36:01.320,11315,3220,1
153071,2015-03-26T10:20:10.680,11856,11815,1
252870,2017-04-20T00:18:43.610,22676,373,1
252908,2017-04-20T07:05:40.473,22676,373,3
512913,2020-05-25T12:19:42.633,36293,29393,1
513138,2020-05-26T12:48:05.307,36293,29393,3
568610,2021-05-03T02:11:15.523,38949,23315,1
595989,2022-02-03T01:36:50.970,43824,36748,1
210434,2016-04-25T08:41:59.193,17409,3006,1
210120,2016-04-23T08:18:03.010,17409,17400,1
623146,2022-08-23T14:19:45.543,45049,27363,1
268739,2017-08-10T07:15:33.810,23360,23098,1
268841,2017-08-11T01:22:39.817,23360,23098,3
36492,2012-04-02T06:35:33.810,237,1502,1
122551,2014-07-20T02:50:38.160,8610,8600,1
180905,2015-10-06T17:58:12.970,14561,1936,1
271918,2017-09-12T21:06:28.103,25922,76,1
271917,2017-09-12T21:06:28.103,25922,19534,1
588126,2021-10-27T19:17:55.327,26586,43206,1
317702,2018-01-16T18:40:54.110,26918,3076,1
519048,2020-07-11T23:43:52.990,36736,27052,1
651484,2023-02-16T11:40:36.010,46128,27327,1
651485,2023-02-16T11:41:56.547,46128,45648,1
111582,2014-04-16T02:04:28.293,3154,2319,1
596024,2022-02-04T00:40:52.333,43827,3287,1
641935,2022-12-21T14:58:23.907,45819,20350,1
675606,2023-06-01T07:58:19.107,46815,180,1
675631,2023-06-01T22:13:39.510,46815,180,3
449721,2019-06-05T06:50:35.170,31681,30853,1
87034,2013-05-07T15:35:31.147,3655,682,3
160467,2015-05-12T21:10:59.370,12331,3596,1
160988,2015-05-22T13:01:11.393,12331,3596,3
151023,2015-02-28T21:30:42.470,11544,3006,1
383230,2018-07-02T18:01:13.033,28252,865,1
533869,2020-10-20T00:47:09.433,37406,15615,1
533940,2020-10-21T14:56:47.623,37406,37351,1
684316,2023-09-15T20:35:26.230,47531,27199,1
684315,2023-09-15T20:35:26.230,47531,27615,1
383738,2018-07-09T11:57:22.707,8332,28196,1
433525,2019-04-04T06:40:28.910,31063,1951,1
433524,2019-04-04T06:37:53.433,31063,11691,1
433523,2019-04-04T06:35:45.803,31063,19906,1
468421,2019-08-23T05:22:06.257,32234,2593,1
204815,2016-03-03T04:06:26.183,16937,2571,1
318895,2018-01-23T01:46:52.587,26970,14629,1
219913,2016-07-26T02:45:54.190,19207,19019,1
536324,2020-11-12T18:03:12.370,37598,28737,1
113492,2014-05-14T14:20:21.470,7153,2880,1
442032,2019-05-15T18:41:36.577,31455,28962,1
617821,2022-07-12T07:30:53.767,44783,17624,1
160944,2015-05-22T04:51:18.373,12417,12316,1
250170,2017-04-08T10:46:39.803,21568,3562,1
4940,2011-09-20T16:55:50.630,320,127,1
120096,2014-07-03T08:49:10.493,320,315,1
56889,2012-10-07T04:14:11.490,320,627,1
53399,2012-09-13T19:49:49.973,2550,612,1
85445,2013-03-31T19:50:38.473,3475,1116,1
152242,2015-03-12T17:30:25.713,11704,1254,1
152241,2015-03-12T17:30:25.713,11704,3495,1
152243,2015-03-12T17:30:25.713,11704,3920,1
234187,2016-11-22T10:07:44.860,20289,15148,1
410272,2018-11-29T17:54:03.660,28020,28771,1
95108,2013-09-27T15:32:17.797,4565,3398,1
94996,2013-09-26T18:59:23.330,4565,4103,1
158178,2015-04-29T19:11:23.077,12225,12231,1
468485,2019-08-23T19:34:52.577,32242,8515,1
468486,2019-08-23T19:34:52.577,32242,26800,1
468484,2019-08-23T19:34:52.577,32242,32220,1
597499,2022-03-09T12:44:58.170,44027,29393,1
597508,2022-03-09T19:27:57.657,44027,29393,3
8549,2011-09-25T17:55:59.673,512,384,1
499910,2020-03-22T18:35:39.147,35563,17486,1
650669,2023-01-31T09:15:47.720,46042,44494,1
304201,2017-11-20T22:14:37.137,26429,3006,1
568111,2021-04-20T18:46:46.067,38860,38652,1
225468,2016-08-31T16:24:38.333,19533,19459,1
225467,2016-08-31T16:24:38.333,19533,19523,1
39460,2012-05-01T08:59:28.987,1860,1861,1
196281,2015-12-22T03:22:38.787,15354,15227,1
315466,2017-12-19T12:51:09.680,26672,22629,1
435295,2019-04-15T04:49:08.837,31172,3831,1
435353,2019-04-15T09:34:40.583,31172,20459,1
641682,2022-12-15T12:29:00.560,45779,3006,1
641679,2022-12-15T11:22:10.693,45779,17400,1
641680,2022-12-15T11:22:10.693,45779,17409,1
641681,2022-12-15T12:29:00.560,45779,17644,1
85865,2013-04-08T14:41:02.067,3503,1841,1
95205,2013-09-28T18:24:51.880,4585,1780,1
195852,2015-12-18T20:47:31.543,15334,2565,1
196056,2015-12-20T11:15:07.920,15334,13132,1
488250,2019-12-20T15:52:12.947,34638,6147,1
617771,2022-07-11T05:49:13.180,44791,44766,1
331915,2018-03-20T02:20:15.043,27456,26977,1
427842,2019-02-27T15:55:45.693,30702,25546,1
486853,2019-12-07T18:19:09.657,34489,11455,1
135901,2014-11-16T18:00:58.273,9540,6182,1
487102,2019-12-09T19:48:08.360,34524,34298,1
487103,2019-12-09T19:48:08.360,34524,34512,1
21321,2011-10-29T02:52:26.627,778,405,1
226867,2016-09-15T06:44:46.460,19713,14986,1
270539,2017-08-24T06:04:59.093,25762,865,1
700257,2024-03-01T21:26:27.117,48398,30221,1
397883,2018-09-18T14:05:35.323,29059,28850,1
398136,2018-09-20T01:25:19.297,29071,29020,1
618462,2022-07-27T22:44:48.523,44897,44733,1
27312,2012-01-04T01:43:01.143,1225,55,1
89437,2013-06-22T14:28:14.253,3887,786,3
486184,2019-12-03T11:17:01.133,34426,19933,1
85722,2013-04-06T17:38:10.980,3495,1419,1
498534,2020-03-13T12:55:02.400,35457,35378,1
215652,2016-06-10T14:54:55.790,6835,3691,1
129189,2014-09-14T03:47:07.143,8999,8912,1
78089,2013-02-14T05:51:33.250,3197,3095,1
343271,2018-03-28T18:35:47.490,27542,4667,1
343270,2018-03-28T18:33:58.073,27542,19639,1
454298,2019-07-07T21:25:50.590,31870,13276,1
454211,2019-07-06T17:31:25.840,31870,29625,1
694334,2024-01-02T12:40:18.660,48100,12777,1
179522,2015-09-15T17:47:03.037,14372,6119,1
233581,2016-11-13T08:08:01.547,20206,2157,1
427985,2019-02-28T20:47:40.177,30688,26830,1
427986,2019-02-28T20:47:40.177,30688,29958,1
114045,2014-05-21T20:21:34.100,7233,155,3
229987,2016-10-09T21:17:53.233,19922,19664,1
427920,2019-02-28T01:39:28.640,30711,4781,1
688623,2023-10-15T18:29:57.167,47691,12402,1
688624,2023-10-15T18:31:16.293,47691,47389,1
440276,2019-05-12T00:05:42.597,31398,29030,1
677382,2023-07-05T17:41:10.297,47050,47051,1
703921,2024-03-26T06:14:51.780,48547,35341,1
135391,2014-11-12T00:01:06.787,9486,9250,1
506016,2020-04-22T08:06:16.507,35835,35863,1
530356,2020-09-13T20:22:35.063,37163,6147,1
530289,2020-09-13T10:24:02.950,37163,34895,1
159995,2015-05-06T20:01:31.350,12288,11648,1
497709,2020-03-08T16:38:42.760,35428,28953,1
682553,2023-08-01T06:03:29.590,35689,47223,1
525623,2020-08-20T00:50:46.177,37017,36531,1
175034,2015-08-23T22:05:56.733,13190,13097,1
396144,2018-09-09T22:10:13.380,28953,20201,1
592071,2021-12-13T23:04:06.827,43492,14431,1
592240,2021-12-16T23:14:42.210,43492,20139,1
675549,2023-05-31T05:57:27.360,46812,36649,1
238742,2016-12-21T15:01:59.083,2842,12777,1
684428,2023-09-19T17:56:12.810,47545,6970,1
109892,2014-03-20T04:43:09.810,3652,4856,1
450843,2019-06-09T06:14:27.447,11816,865,1
623486,2022-09-03T23:03:22.627,45112,45076,1
452209,2019-06-16T18:45:55.093,20283,17459,1
559951,2021-03-19T15:10:25.083,38591,29276,1
36499,2012-04-02T11:32:08.887,1737,243,1
155961,2015-04-15T22:23:56.703,12065,12064,1
151409,2015-03-03T13:22:01.830,11578,11593,1
378076,2018-05-31T17:02:06.943,28063,26845,1
378124,2018-05-31T23:20:44.467,28063,26845,3
35693,2012-03-26T07:45:40.847,1691,1598,1
218403,2016-07-06T05:04:28.953,8933,1045,1
664794,2023-05-06T10:31:18.357,46643,44494,1
698214,2024-02-07T00:41:08.263,48278,42864,1
122746,2014-07-22T09:42:59.953,8630,1206,1
240613,2017-01-12T14:52:54.397,20778,20159,1
414168,2018-12-18T11:29:29.997,29932,29660,1
533638,2020-10-12T21:15:18.140,37355,30186,1
128481,2014-09-12T07:11:22.313,8979,8982,1
219422,2016-07-19T11:11:17.357,19158,180,1
243781,2017-02-08T17:17:33.483,21073,20494,1
206844,2016-03-30T23:19:28.380,17189,4667,1
158103,2015-04-29T04:10:45.720,3641,12221,1
160643,2015-05-15T15:19:45.227,12368,12358,1
434171,2019-04-07T18:22:51.210,11444,29977,1
243515,2017-02-06T14:23:32.240,21047,20971,1
266463,2017-07-28T01:17:43.817,25553,810,1
266465,2017-07-28T01:17:43.817,25553,1915,1
266466,2017-07-28T01:17:43.817,25553,3006,1
266464,2017-07-28T01:17:43.817,25553,21470,1
279440,2017-10-01T14:17:47.230,26051,13014,1
611463,2022-04-26T10:35:29.507,44359,15150,1
38951,2012-04-26T09:09:10.820,1840,1802,1
410708,2018-12-02T20:59:09.830,29821,27660,1
507638,2020-05-05T21:56:37.813,36081,35430,1
43012,2012-06-06T11:59:17.667,2055,663,1
161221,2015-05-27T00:51:28.937,12460,12425,1
195282,2015-12-14T21:34:46.263,15282,180,1
455881,2019-07-17T07:09:24.990,31936,22713,1
180258,2015-09-27T05:22:15.280,14475,12893,1
258627,2017-06-09T20:01:45.063,23131,14977,1
29531,2012-01-29T11:08:38.070,1342,180,1
329462,2018-02-26T05:55:28.423,3921,26350,1
21923,2011-11-02T02:58:52.463,160,269,1
516789,2020-06-25T11:49:55.913,36579,9016,1
559846,2021-03-17T17:25:32.607,38571,31496,1
516674,2020-06-23T20:36:57.453,36599,11037,1
104582,2014-01-14T20:18:06.260,6397,315,1
317090,2018-01-06T21:02:08.243,6397,19664,1
144058,2015-01-15T10:04:40.500,9778,11037,1
455519,2019-07-14T16:48:34.780,31916,30408,1
503683,2020-04-06T04:10:38.107,35697,6826,1
558947,2021-02-21T23:13:07.713,38365,38262,1
425366,2019-02-10T22:57:29.290,11601,4232,1
414137,2018-12-18T04:18:36.913,29958,26830,1
96525,2013-10-14T00:24:26.190,4723,918,1
198470,2016-01-15T17:29:29.323,6887,6863,1
198627,2016-01-17T02:41:26.510,15543,9814,1
198703,2016-01-18T08:29:23.420,15543,9814,3
230786,2016-10-14T18:24:43.267,19965,17271,1
252792,2017-04-19T12:45:45.660,22670,3378,1
399520,2018-09-24T00:27:19.720,29168,29039,1
559330,2021-03-04T14:54:13.857,38457,26296,1
559329,2021-03-04T14:54:13.857,38457,31148,1
110414,2014-03-27T13:12:30.523,6838,1069,1
206724,2016-03-28T22:55:38.083,17166,2571,1
206731,2016-03-29T09:46:08.643,17166,2571,3
575243,2021-06-27T18:31:23.543,40380,38650,1
414793,2018-12-21T10:37:28.613,30001,17409,1
414795,2018-12-21T10:44:22.747,30001,20971,1
467406,2019-08-14T21:18:02.640,32165,9699,1
467407,2019-08-14T21:18:02.640,32165,15372,1
470244,2019-09-10T19:36:54.470,32165,28962,1
112512,2014-04-29T04:53:35.387,7044,1412,1
197061,2015-12-28T18:56:31.637,11953,15148,1
534302,2020-10-31T02:25:08.157,37423,6013,1
150218,2015-02-23T21:48:54.950,1780,4585,1
466043,2019-08-04T23:32:04.397,32088,29893,1
468052,2019-08-19T19:09:34.340,32205,30046,1
469970,2019-09-08T07:40:30.183,32420,26949,1
469994,2019-09-08T11:26:51.407,32420,26949,3
482021,2019-11-08T18:24:28.553,34149,26311,1
482020,2019-11-08T18:24:28.553,34149,30141,1
598409,2022-03-28T04:04:33.137,3818,44127,1
171722,2015-08-11T00:10:11.190,13047,557,1
171724,2015-08-11T00:10:11.190,13047,931,1
171721,2015-08-11T00:10:11.190,13047,1476,1
171723,2015-08-11T00:10:11.190,13047,9063,1
422288,2019-01-28T19:29:21.593,30359,30289,1
698042,2024-01-31T02:30:45.843,48258,47775,1
64154,2012-12-20T23:46:45.033,2991,1434,1
522442,2020-07-27T03:03:49.767,36828,381,1
522441,2020-07-27T03:03:49.767,36828,29419,1
641649,2022-12-14T20:14:21.130,45773,6734,1
434272,2019-04-08T12:17:11.977,31069,31075,1
611095,2022-04-15T14:22:06.923,44299,40311,1
361683,2018-04-20T14:08:52.487,27751,27755,1
52023,2012-08-29T20:05:07.243,2473,2469,1
316666,2018-01-01T08:25:36.517,6457,26209,1
111701,2014-04-17T10:23:06.120,6967,190,1
504169,2020-04-09T08:19:29.737,35686,17179,1
43560,2012-06-12T09:19:11.843,2081,930,1
389568,2018-07-30T10:26:16.790,28547,12777,1
317726,2018-01-16T22:19:45.753,20,8610,1
653498,2023-03-04T17:02:58.177,45965,15452,1
653499,2023-03-04T17:02:58.177,45965,15615,1
653501,2023-03-04T17:02:58.177,45965,30472,1
653500,2023-03-04T17:02:58.177,45965,32046,1
30904,2012-02-14T03:36:10.490,1408,459,1
129614,2014-09-18T13:11:29.597,1949,2652,1
538172,2021-01-09T05:45:33.323,37987,34824,1
592574,2021-12-25T03:39:15.017,43606,43618,1
111643,2014-04-16T15:39:28.697,6958,1320,1
112617,2014-04-30T11:46:48.487,6958,1320,3
143931,2015-01-09T18:05:40.437,11043,6648,1
165609,2015-06-29T03:39:05.260,12709,9428,1
101027,2013-12-02T15:31:08.580,5979,4760,1
100651,2013-11-27T18:34:49.583,5979,5977,1
123683,2014-08-03T00:12:18.330,8487,763,1
192180,2015-11-18T16:44:16.100,15022,4420,1
218134,2016-07-02T15:25:38.613,19006,18908,1
374985,2018-05-24T10:07:32.383,28006,9442,1
496600,2020-02-24T13:35:24.810,35291,224,1
558489,2021-02-10T14:06:36.053,38285,21278,1
558490,2021-02-10T16:23:14.540,38285,21278,3
569403,2021-05-27T14:37:59.983,39121,29860,1
200793,2016-02-06T16:45:08.130,14584,14358,1
683629,2023-08-28T08:02:36.860,47385,369,1
694420,2024-01-05T14:00:59.417,48126,1642,1
317419,2018-01-13T15:47:40.033,26878,3310,1
410938,2018-12-04T08:28:19.923,29829,26350,1
495926,2020-02-17T18:58:40.877,35239,34326,1
496663,2020-02-25T00:50:26.587,35239,34326,3
567732,2021-04-12T15:39:40.877,38780,3036,1
534037,2020-10-24T17:51:58.640,37435,36697,1
534081,2020-10-26T09:43:46.847,37435,36697,3
632917,2022-11-22T10:55:42.167,45593,32365,1
632960,2022-11-22T14:01:01.910,45593,32365,3
30746,2012-02-13T16:53:06.517,1411,16,1
90082,2013-07-04T11:37:19.297,3901,1553,1
617076,2022-06-23T09:32:27.873,44691,33722,1
87777,2013-05-20T02:15:28.780,180,212,1
426398,2019-02-16T19:54:06.073,30559,30560,1
271368,2017-09-02T09:27:09.787,25839,25742,1
452869,2019-06-21T15:09:06.457,31790,28006,1
453330,2019-06-25T13:27:06.723,31790,28006,3
536967,2020-12-05T17:41:26.360,37741,27083,1
677729,2023-07-14T04:17:50.553,47110,34763,1
457841,2019-07-28T13:25:43.867,32025,2700,1
457858,2019-07-28T16:34:50.493,32025,2700,3
535959,2020-11-06T17:30:00.573,37509,4751,1
535966,2020-11-06T19:14:57.967,37509,4751,3
537048,2020-12-07T04:57:57.420,37764,37763,1
110166,2014-03-24T16:57:45.420,6821,1424,1
12339,2011-10-03T23:04:14.203,678,438,1
44038,2012-06-14T22:11:08.470,2101,451,1
247716,2017-03-17T18:33:38.890,21405,294,1
247715,2017-03-17T18:32:56.507,21405,20428,1
463880,2019-08-02T00:03:30.353,32056,7270,1
467244,2019-08-13T13:50:34.933,32056,27634,1
610259,2022-04-01T15:14:35.963,44127,15120,1
610260,2022-04-01T15:14:35.963,44127,27830,1
261612,2017-07-06T11:53:05.287,23349,20203,1
390196,2018-08-02T20:00:45.173,28587,26672,1
496298,2020-02-20T20:50:08.837,35271,26311,1
3532,2011-09-17T08:23:29.427,243,180,1
3533,2011-09-17T08:23:29.430,243,237,1
506015,2020-04-22T08:04:56.250,35863,35835,1
592125,2021-12-14T14:06:29.967,43523,28724,1
653443,2023-03-03T21:43:40.927,46240,7184,1
94712,2013-09-22T12:48:10.213,2650,2692,1
217892,2016-06-30T07:17:26.677,18978,14926,1
107146,2014-02-05T06:18:03.390,6543,324,1
406710,2018-11-07T17:17:32.743,29606,26878,1
516698,2020-06-24T04:39:30.973,36596,36536,1
558334,2021-02-06T18:47:32.030,38262,12628,1
597344,2022-03-07T10:25:55.520,44013,15227,1
651980,2023-02-22T23:03:42.553,46177,46167,1
485171,2019-11-28T11:17:05.853,34326,34282,1
560083,2021-03-23T17:34:11.443,38611,34052,1
374276,2018-05-19T22:34:24.393,27983,17324,1
394254,2018-08-25T13:21:01.750,28724,27878,1
313224,2017-12-08T14:21:32.987,3787,6380,1
